data,userProfilePK,calendarDate,startTimestampGMT,endTimestampGMT,startTimestampLocal,endTimestampLocal,weeklyModerate,weeklyVigorous,weeklyTotal,weekGoal,dayOfGoalMet,startDayMinutes,endDayMinutes,moderateMinutes,vigorousMinutes,imValueDescriptorsDTOList,imValuesArray
2025-04-15,131621693,2025-04-15,2025-04-15T03:00:00.0,2025-04-16T03:00:00.0,2025-04-15T00:00:00.0,2025-04-16T00:00:00.0,27,26,79,150,,0,0,0,0,,
2025-04-16,131621693,2025-04-16,2025-04-16T03:00:00.0,2025-04-17T03:00:00.0,2025-04-16T00:00:00.0,2025-04-17T00:00:00.0,27,26,79,150,,0,79,27,26,,
2025-04-17,131621693,2025-04-17,2025-04-17T03:00:00.0,2025-04-18T03:00:00.0,2025-04-17T00:00:00.0,2025-04-18T00:00:00.0,27,26,79,150,,79,79,0,0,,
2025-04-18,131621693,2025-04-18,2025-04-18T03:00:00.0,2025-04-19T03:00:00.0,2025-04-18T00:00:00.0,2025-04-19T00:00:00.0,27,26,79,150,,79,79,0,0,,
2025-04-19,131621693,2025-04-19,2025-04-19T03:00:00.0,2025-04-20T03:00:00.0,2025-04-19T00:00:00.0,2025-04-20T00:00:00.0,27,26,79,150,,79,79,0,0,,
2025-04-20,131621693,2025-04-20,2025-04-20T03:00:00.0,2025-04-21T03:00:00.0,2025-04-20T00:00:00.0,2025-04-21T00:00:00.0,27,26,79,150,,79,79,0,0,,
2025-04-21,131621693,2025-04-21,2025-04-21T03:00:00.0,2025-04-22T03:00:00.0,2025-04-21T00:00:00.0,2025-04-22T00:00:00.0,30,98,226,150,Sat,0,0,0,0,,
2025-04-22,131621693,2025-04-22,2025-04-22T03:00:00.0,2025-04-23T03:00:00.0,2025-04-22T00:00:00.0,2025-04-23T00:00:00.0,30,98,226,150,Sat,0,2,0,1,,
2025-04-23,131621693,2025-04-23,2025-04-23T03:00:00.0,2025-04-24T03:00:00.0,2025-04-23T00:00:00.0,2025-04-24T00:00:00.0,30,98,226,150,Sat,2,73,11,30,,
2025-04-24,131621693,2025-04-24,2025-04-24T03:00:00.0,2025-04-25T03:00:00.0,2025-04-24T00:00:00.0,2025-04-25T00:00:00.0,30,98,226,150,Sat,73,76,3,0,,
2025-04-25,131621693,2025-04-25,2025-04-25T03:00:00.0,2025-04-26T03:00:00.0,2025-04-25T00:00:00.0,2025-04-26T00:00:00.0,30,98,226,150,Sat,76,76,0,0,,
2025-04-26,131621693,2025-04-26,2025-04-26T03:00:00.0,2025-04-27T03:00:00.0,2025-04-26T00:00:00.0,2025-04-27T00:00:00.0,30,98,226,150,Sat,76,226,16,67,,
2025-04-27,131621693,2025-04-27,2025-04-27T03:00:00.0,2025-04-28T03:00:00.0,2025-04-27T00:00:00.0,2025-04-28T00:00:00.0,30,98,226,150,Sat,226,226,0,0,,
2025-04-28,131621693,2025-04-28,2025-04-28T03:00:00.0,2025-04-29T03:00:00.0,2025-04-28T00:00:00.0,2025-04-29T00:00:00.0,85,185,455,150,Wed,0,0,0,0,,
2025-04-29,131621693,2025-04-29,2025-04-29T03:00:00.0,2025-04-30T03:00:00.0,2025-04-29T00:00:00.0,2025-04-30T00:00:00.0,85,185,455,150,Wed,0,95,9,43,,
2025-04-30,131621693,2025-04-30,2025-04-30T03:00:00.0,2025-05-01T03:00:00.0,2025-04-30T00:00:00.0,2025-05-01T00:00:00.0,85,185,455,150,Wed,95,151,54,1,,
2025-05-01,131621693,2025-05-01,2025-05-01T03:00:00.0,2025-05-02T03:00:00.0,2025-05-01T00:00:00.0,2025-05-02T00:00:00.0,85,185,455,150,Wed,151,247,4,46,,
2025-05-02,131621693,2025-05-02,2025-05-02T03:00:00.0,2025-05-03T03:00:00.0,2025-05-02T00:00:00.0,2025-05-03T00:00:00.0,85,185,455,150,Wed,247,266,3,8,,
2025-05-03,131621693,2025-05-03,2025-05-03T03:00:00.0,2025-05-04T03:00:00.0,2025-05-03T00:00:00.0,2025-05-04T00:00:00.0,85,185,455,150,Wed,266,266,0,0,,
2025-05-04,131621693,2025-05-04,2025-05-04T03:00:00.0,2025-05-05T03:00:00.0,2025-05-04T00:00:00.0,2025-05-05T00:00:00.0,85,185,455,150,Wed,266,455,15,87,,
2025-05-05,131621693,2025-05-05,2025-05-05T03:00:00.0,2025-05-06T03:00:00.0,2025-05-05T00:00:00.0,2025-05-06T00:00:00.0,25,95,215,150,Sat,0,0,0,0,,
2025-05-06,131621693,2025-05-06,2025-05-06T03:00:00.0,2025-05-07T03:00:00.0,2025-05-06T00:00:00.0,2025-05-07T00:00:00.0,25,95,215,150,Sat,0,0,0,0,,
2025-05-07,131621693,2025-05-07,2025-05-07T03:00:00.0,2025-05-08T03:00:00.0,2025-05-07T00:00:00.0,2025-05-08T00:00:00.0,25,95,215,150,Sat,0,88,20,34,,
2025-05-08,131621693,2025-05-08,2025-05-08T03:00:00.0,2025-05-09T03:00:00.0,2025-05-08T00:00:00.0,2025-05-09T00:00:00.0,25,95,215,150,Sat,88,114,2,12,,
2025-05-09,131621693,2025-05-09,2025-05-09T03:00:00.0,2025-05-10T03:00:00.0,2025-05-09T00:00:00.0,2025-05-10T00:00:00.0,25,95,215,150,Sat,114,114,0,0,,
2025-05-10,131621693,2025-05-10,2025-05-10T03:00:00.0,2025-05-11T03:00:00.0,2025-05-10T00:00:00.0,2025-05-11T00:00:00.0,25,95,215,150,Sat,114,215,3,49,,
2025-05-11,131621693,2025-05-11,2025-05-11T03:00:00.0,2025-05-12T03:00:00.0,2025-05-11T00:00:00.0,2025-05-12T00:00:00.0,25,95,215,150,Sat,215,215,0,0,,
2025-05-12,131621693,2025-05-12,2025-05-12T03:00:00.0,2025-05-13T03:00:00.0,2025-05-12T00:00:00.0,2025-05-13T00:00:00.0,26,200,426,150,Thu,0,5,1,2,,
2025-05-13,131621693,2025-05-13,2025-05-13T03:00:00.0,2025-05-14T03:00:00.0,2025-05-13T00:00:00.0,2025-05-14T00:00:00.0,26,200,426,150,Thu,5,75,4,33,,
2025-05-14,131621693,2025-05-14,2025-05-14T03:00:00.0,2025-05-15T03:00:00.0,2025-05-14T00:00:00.0,2025-05-15T00:00:00.0,26,200,426,150,Thu,75,75,0,0,,
2025-05-15,131621693,2025-05-15,2025-05-15T03:00:00.0,2025-05-16T03:00:00.0,2025-05-15T00:00:00.0,2025-05-16T00:00:00.0,26,200,426,150,Thu,75,199,10,57,,
2025-05-16,131621693,2025-05-16,2025-05-16T03:00:00.0,2025-05-17T03:00:00.0,2025-05-16T00:00:00.0,2025-05-17T00:00:00.0,26,200,426,150,Thu,199,272,3,35,,
2025-05-17,131621693,2025-05-17,2025-05-17T03:00:00.0,2025-05-18T03:00:00.0,2025-05-17T00:00:00.0,2025-05-18T00:00:00.0,26,200,426,150,Thu,272,272,0,0,,
2025-05-18,131621693,2025-05-18,2025-05-18T03:00:00.0,2025-05-19T03:00:00.0,2025-05-18T00:00:00.0,2025-05-19T00:00:00.0,26,200,426,150,Thu,272,426,8,73,,
2025-05-19,131621693,2025-05-19,2025-05-19T03:00:00.0,2025-05-20T03:00:00.0,2025-05-19T00:00:00.0,2025-05-20T00:00:00.0,5,44,93,150,,0,0,0,0,,
2025-05-20,131621693,2025-05-20,2025-05-20T03:00:00.0,2025-05-21T03:00:00.0,2025-05-20T00:00:00.0,2025-05-21T00:00:00.0,5,44,93,150,,0,0,0,0,,
2025-05-21,131621693,2025-05-21,2025-05-21T03:00:00.0,2025-05-22T03:00:00.0,2025-05-21T00:00:00.0,2025-05-22T00:00:00.0,5,44,93,150,,0,0,0,0,,
2025-05-22,131621693,2025-05-22,2025-05-22T03:00:00.0,2025-05-23T03:00:00.0,2025-05-22T00:00:00.0,2025-05-23T00:00:00.0,5,44,93,150,,0,93,5,44,,
2025-05-23,131621693,2025-05-23,2025-05-23T03:00:00.0,2025-05-24T03:00:00.0,2025-05-23T00:00:00.0,2025-05-24T00:00:00.0,5,44,93,150,,93,93,0,0,,
2025-05-24,131621693,2025-05-24,2025-05-24T03:00:00.0,2025-05-25T03:00:00.0,2025-05-24T00:00:00.0,2025-05-25T00:00:00.0,5,44,93,150,,93,93,0,0,,
2025-05-25,131621693,2025-05-25,2025-05-25T03:00:00.0,2025-05-26T03:00:00.0,2025-05-25T00:00:00.0,2025-05-26T00:00:00.0,5,44,93,150,,93,93,0,0,,
2025-05-26,131621693,2025-05-26,2025-05-26T03:00:00.0,2025-05-27T03:00:00.0,2025-05-26T00:00:00.0,2025-05-27T00:00:00.0,6,102,210,150,Sat,0,0,0,0,,
2025-05-27,131621693,2025-05-27,2025-05-27T03:00:00.0,2025-05-28T03:00:00.0,2025-05-27T00:00:00.0,2025-05-28T00:00:00.0,6,102,210,150,Sat,0,0,0,0,,
2025-05-28,131621693,2025-05-28,2025-05-28T03:00:00.0,2025-05-29T03:00:00.0,2025-05-28T00:00:00.0,2025-05-29T00:00:00.0,6,102,210,150,Sat,0,96,2,47,,
2025-05-29,131621693,2025-05-29,2025-05-29T03:00:00.0,2025-05-30T03:00:00.0,2025-05-29T00:00:00.0,2025-05-30T00:00:00.0,6,102,210,150,Sat,96,96,0,0,,
2025-05-30,131621693,2025-05-30,2025-05-30T03:00:00.0,2025-05-31T03:00:00.0,2025-05-30T00:00:00.0,2025-05-31T00:00:00.0,6,102,210,150,Sat,96,96,0,0,,
2025-05-31,131621693,2025-05-31,2025-05-31T03:00:00.0,2025-06-01T03:00:00.0,2025-05-31T00:00:00.0,2025-06-01T00:00:00.0,6,102,210,150,Sat,96,207,1,55,,
2025-06-01,131621693,2025-06-01,2025-06-01T03:00:00.0,2025-06-02T03:00:00.0,2025-06-01T00:00:00.0,2025-06-02T00:00:00.0,6,102,210,150,Sat,207,210,3,0,,
2025-06-02,131621693,2025-06-02,2025-06-02T03:00:00.0,2025-06-03T03:00:00.0,2025-06-02T00:00:00.0,2025-06-03T00:00:00.0,13,98,209,150,Sat,0,0,0,0,,
2025-06-03,131621693,2025-06-03,2025-06-03T03:00:00.0,2025-06-04T03:00:00.0,2025-06-03T00:00:00.0,2025-06-04T00:00:00.0,13,98,209,150,Sat,0,0,0,0,,
2025-06-04,131621693,2025-06-04,2025-06-04T03:00:00.0,2025-06-05T03:00:00.0,2025-06-04T00:00:00.0,2025-06-05T00:00:00.0,13,98,209,150,Sat,0,96,2,47,,
2025-06-05,131621693,2025-06-05,2025-06-05T03:00:00.0,2025-06-06T03:00:00.0,2025-06-05T00:00:00.0,2025-06-06T00:00:00.0,13,98,209,150,Sat,96,96,0,0,,
2025-06-06,131621693,2025-06-06,2025-06-06T03:00:00.0,2025-06-07T03:00:00.0,2025-06-06T00:00:00.0,2025-06-07T00:00:00.0,13,98,209,150,Sat,96,96,0,0,,
2025-06-07,131621693,2025-06-07,2025-06-07T03:00:00.0,2025-06-08T03:00:00.0,2025-06-07T00:00:00.0,2025-06-08T00:00:00.0,13,98,209,150,Sat,96,203,5,51,,
2025-06-08,131621693,2025-06-08,2025-06-08T03:00:00.0,2025-06-09T03:00:00.0,2025-06-08T00:00:00.0,2025-06-09T00:00:00.0,13,98,209,150,Sat,203,209,6,0,,
2025-06-09,131621693,2025-06-09,2025-06-09T03:00:00.0,2025-06-10T03:00:00.0,2025-06-09T00:00:00.0,2025-06-10T00:00:00.0,7,116,239,150,Fri,0,0,0,0,,
2025-06-10,131621693,2025-06-10,2025-06-10T03:00:00.0,2025-06-11T03:00:00.0,2025-06-10T00:00:00.0,2025-06-11T00:00:00.0,7,116,239,150,Fri,0,0,0,0,,
2025-06-11,131621693,2025-06-11,2025-06-11T03:00:00.0,2025-06-12T03:00:00.0,2025-06-11T00:00:00.0,2025-06-12T00:00:00.0,7,116,239,150,Fri,0,104,2,51,,
2025-06-12,131621693,2025-06-12,2025-06-12T03:00:00.0,2025-06-13T03:00:00.0,2025-06-12T00:00:00.0,2025-06-13T00:00:00.0,7,116,239,150,Fri,104,104,0,0,,
2025-06-13,131621693,2025-06-13,2025-06-13T03:00:00.0,2025-06-14T03:00:00.0,2025-06-13T00:00:00.0,2025-06-14T00:00:00.0,7,116,239,150,Fri,104,239,5,65,,
2025-06-14,131621693,2025-06-14,2025-06-14T03:00:00.0,2025-06-15T03:00:00.0,2025-06-14T00:00:00.0,2025-06-15T00:00:00.0,7,116,239,150,Fri,239,239,0,0,,
2025-06-15,131621693,2025-06-15,2025-06-15T03:00:00.0,2025-06-16T03:00:00.0,2025-06-15T00:00:00.0,2025-06-16T00:00:00.0,7,116,239,150,Fri,239,239,0,0,,
2025-06-16,131621693,2025-06-16,2025-06-16T03:00:00.0,2025-06-17T03:00:00.0,2025-06-16T00:00:00.0,2025-06-17T00:00:00.0,24,146,316,150,Thu,0,0,0,0,,
2025-06-17,131621693,2025-06-17,2025-06-17T03:00:00.0,2025-06-18T03:00:00.0,2025-06-17T00:00:00.0,2025-06-18T00:00:00.0,24,146,316,150,Thu,0,117,3,57,,
2025-06-18,131621693,2025-06-18,2025-06-18T03:00:00.0,2025-06-19T03:00:00.0,2025-06-18T00:00:00.0,2025-06-19T00:00:00.0,24,146,316,150,Thu,117,117,0,0,,
2025-06-19,131621693,2025-06-19,2025-06-19T03:00:00.0,2025-06-20T03:00:00.0,2025-06-19T00:00:00.0,2025-06-20T00:00:00.0,24,146,316,150,Thu,117,316,21,89,,
2025-06-20,131621693,2025-06-20,2025-06-20T03:00:00.0,2025-06-21T03:00:00.0,2025-06-20T00:00:00.0,2025-06-21T00:00:00.0,24,146,316,150,Thu,316,316,0,0,,
2025-06-21,131621693,2025-06-21,2025-06-21T03:00:00.0,2025-06-21T10:32:00.0,2025-06-21T00:00:00.0,2025-06-21T07:32:00.0,24,146,316,150,Thu,316,316,0,0,,
2025-06-22,131621693,2025-06-22,2025-06-22T03:00:00.0,2025-06-23T03:00:00.0,2025-06-22T00:00:00.0,2025-06-23T00:00:00.0,24,146,316,150,Thu,316,316,0,0,,
2025-06-23,131621693,2025-06-23,2025-06-23T03:00:00.0,2025-06-24T03:00:00.0,2025-06-23T00:00:00.0,2025-06-24T00:00:00.0,14,187,388,150,Wed,0,105,1,52,,
2025-06-24,131621693,2025-06-24,2025-06-24T03:00:00.0,2025-06-25T03:00:00.0,2025-06-24T00:00:00.0,2025-06-25T00:00:00.0,14,187,388,150,Wed,105,110,1,2,,
2025-06-25,131621693,2025-06-25,2025-06-25T03:00:00.0,2025-06-26T03:00:00.0,2025-06-25T00:00:00.0,2025-06-26T00:00:00.0,14,187,388,150,Wed,110,250,6,67,,
2025-06-26,131621693,2025-06-26,2025-06-26T03:00:00.0,2025-06-27T03:00:00.0,2025-06-26T00:00:00.0,2025-06-27T00:00:00.0,14,187,388,150,Wed,250,250,0,0,,
2025-06-27,131621693,2025-06-27,2025-06-27T03:00:00.0,2025-06-28T03:00:00.0,2025-06-27T00:00:00.0,2025-06-28T00:00:00.0,14,187,388,150,Wed,250,250,0,0,,
2025-06-28,131621693,2025-06-28,2025-06-28T03:00:00.0,2025-06-29T03:00:00.0,2025-06-28T00:00:00.0,2025-06-29T00:00:00.0,14,187,388,150,Wed,250,388,6,66,,
2025-06-29,131621693,2025-06-29,2025-06-29T03:00:00.0,2025-06-30T03:00:00.0,2025-06-29T00:00:00.0,2025-06-30T00:00:00.0,14,187,388,150,Wed,388,388,0,0,,
2025-06-30,131621693,2025-06-30,2025-06-30T03:00:00.0,2025-07-01T03:00:00.0,2025-06-30T00:00:00.0,2025-07-01T00:00:00.0,5,183,371,150,Thu,0,0,0,0,,
2025-07-01,131621693,2025-07-01,2025-07-01T03:00:00.0,2025-07-02T03:00:00.0,2025-07-01T00:00:00.0,2025-07-02T00:00:00.0,5,183,371,150,Thu,0,123,1,61,,
2025-07-02,131621693,2025-07-02,2025-07-02T03:00:00.0,2025-07-03T03:00:00.0,2025-07-02T00:00:00.0,2025-07-03T00:00:00.0,5,183,371,150,Thu,123,123,0,0,,
2025-07-03,131621693,2025-07-03,2025-07-03T03:00:00.0,2025-07-04T03:00:00.0,2025-07-03T00:00:00.0,2025-07-04T00:00:00.0,5,183,371,150,Thu,123,230,3,52,,
2025-07-04,131621693,2025-07-04,2025-07-04T03:00:00.0,2025-07-05T03:00:00.0,2025-07-04T00:00:00.0,2025-07-05T00:00:00.0,5,183,371,150,Thu,230,230,0,0,,
2025-07-05,131621693,2025-07-05,2025-07-05T03:00:00.0,2025-07-06T03:00:00.0,2025-07-05T00:00:00.0,2025-07-06T00:00:00.0,5,183,371,150,Thu,230,371,1,70,,
2025-07-06,131621693,2025-07-06,2025-07-06T03:00:00.0,2025-07-07T03:00:00.0,2025-07-06T00:00:00.0,2025-07-07T00:00:00.0,5,183,371,150,Thu,371,371,0,0,,
2025-07-07,131621693,2025-07-07,2025-07-07T03:00:00.0,2025-07-08T03:00:00.0,2025-07-07T00:00:00.0,2025-07-08T00:00:00.0,12,202,416,150,Thu,0,0,0,0,,
2025-07-08,131621693,2025-07-08,2025-07-08T03:00:00.0,2025-07-09T03:00:00.0,2025-07-08T00:00:00.0,2025-07-09T00:00:00.0,12,202,416,150,Thu,0,117,3,57,,
2025-07-09,131621693,2025-07-09,2025-07-09T03:00:00.0,2025-07-10T03:00:00.0,2025-07-09T00:00:00.0,2025-07-10T00:00:00.0,12,202,416,150,Thu,117,117,0,0,,
2025-07-10,131621693,2025-07-10,2025-07-10T03:00:00.0,2025-07-11T03:00:00.0,2025-07-10T00:00:00.0,2025-07-11T00:00:00.0,12,202,416,150,Thu,117,256,5,67,,
2025-07-11,131621693,2025-07-11,2025-07-11T03:00:00.0,2025-07-12T03:00:00.0,2025-07-11T00:00:00.0,2025-07-12T00:00:00.0,12,202,416,150,Thu,256,259,1,1,,
2025-07-12,131621693,2025-07-12,2025-07-12T03:00:00.0,2025-07-13T03:00:00.0,2025-07-12T00:00:00.0,2025-07-13T00:00:00.0,12,202,416,150,Thu,259,416,3,77,,
2025-07-13,131621693,2025-07-13,2025-07-13T03:00:00.0,2025-07-14T03:00:00.0,2025-07-13T00:00:00.0,2025-07-14T00:00:00.0,12,202,416,150,Thu,416,416,0,0,,
2025-07-14,131621693,2025-07-14,2025-07-14T03:00:00.0,2025-07-15T03:00:00.0,2025-07-14T00:00:00.0,2025-07-15T00:00:00.0,90,161,412,150,Wed,0,0,0,0,,
2025-07-15,131621693,2025-07-15,2025-07-15T03:00:00.0,2025-07-16T03:00:00.0,2025-07-15T00:00:00.0,2025-07-16T00:00:00.0,90,161,412,150,Wed,0,110,2,54,,
2025-07-16,131621693,2025-07-16,2025-07-16T03:00:00.0,2025-07-17T03:00:00.0,2025-07-16T00:00:00.0,2025-07-17T00:00:00.0,90,161,412,150,Wed,110,230,62,29,,
2025-07-17,131621693,2025-07-17,2025-07-17T03:00:00.0,2025-07-18T03:00:00.0,2025-07-17T00:00:00.0,2025-07-18T00:00:00.0,90,161,412,150,Wed,230,322,2,45,,
2025-07-18,131621693,2025-07-18,2025-07-18T03:00:00.0,2025-07-19T03:00:00.0,2025-07-18T00:00:00.0,2025-07-19T00:00:00.0,90,161,412,150,Wed,322,322,0,0,,
2025-07-19,131621693,2025-07-19,2025-07-19T03:00:00.0,2025-07-20T03:00:00.0,2025-07-19T00:00:00.0,2025-07-20T00:00:00.0,90,161,412,150,Wed,322,322,0,0,,
2025-07-20,131621693,2025-07-20,2025-07-20T03:00:00.0,2025-07-21T03:00:00.0,2025-07-20T00:00:00.0,2025-07-21T00:00:00.0,90,161,412,150,Wed,322,412,24,33,,
2025-07-21,131621693,2025-07-21,2025-07-21T03:00:00.0,2025-07-22T03:00:00.0,2025-07-21T00:00:00.0,2025-07-22T00:00:00.0,79,63,205,150,Thu,0,0,0,0,,
2025-07-22,131621693,2025-07-22,2025-07-22T03:00:00.0,2025-07-23T03:00:00.0,2025-07-22T00:00:00.0,2025-07-23T00:00:00.0,79,63,205,150,Thu,0,24,24,0,,
2025-07-23,131621693,2025-07-23,2025-07-23T03:00:00.0,2025-07-24T03:00:00.0,2025-07-23T00:00:00.0,2025-07-24T00:00:00.0,79,63,205,150,Thu,24,136,36,38,,
2025-07-24,131621693,2025-07-24,2025-07-24T03:00:00.0,2025-07-25T03:00:00.0,2025-07-24T00:00:00.0,2025-07-25T00:00:00.0,79,63,205,150,Thu,136,205,19,25,,
2025-07-25,131621693,2025-07-25,2025-07-25T03:00:00.0,2025-07-26T03:00:00.0,2025-07-25T00:00:00.0,2025-07-26T00:00:00.0,79,63,205,150,Thu,205,205,0,0,,
2025-07-26,131621693,2025-07-26,2025-07-26T03:00:00.0,2025-07-27T03:00:00.0,2025-07-26T00:00:00.0,2025-07-27T00:00:00.0,79,63,205,150,Thu,205,205,0,0,,
2025-07-27,131621693,2025-07-27,2025-07-27T03:00:00.0,2025-07-28T03:00:00.0,2025-07-27T00:00:00.0,2025-07-28T00:00:00.0,79,63,205,150,Thu,205,205,0,0,,
2025-07-28,131621693,2025-07-28,2025-07-28T03:00:00.0,2025-07-29T03:00:00.0,2025-07-28T00:00:00.0,2025-07-29T00:00:00.0,42,249,540,150,Tue,0,122,4,59,,
2025-07-29,131621693,2025-07-29,2025-07-29T03:00:00.0,2025-07-30T03:00:00.0,2025-07-29T00:00:00.0,2025-07-30T00:00:00.0,42,249,540,150,Tue,122,188,14,26,,
2025-07-30,131621693,2025-07-30,2025-07-30T03:00:00.0,2025-07-31T03:00:00.0,2025-07-30T00:00:00.0,2025-07-31T00:00:00.0,42,249,540,150,Tue,188,320,4,64,,
2025-07-31,131621693,2025-07-31,2025-07-31T03:00:00.0,2025-08-01T03:00:00.0,2025-07-31T00:00:00.0,2025-08-01T00:00:00.0,42,249,540,150,Tue,320,320,0,0,,
2025-08-01,131621693,2025-08-01,2025-08-01T03:00:00.0,2025-08-02T03:00:00.0,2025-08-01T00:00:00.0,2025-08-02T00:00:00.0,42,249,540,150,Tue,320,392,14,29,,
2025-08-02,131621693,2025-08-02,2025-08-02T03:00:00.0,2025-08-03T03:00:00.0,2025-08-02T00:00:00.0,2025-08-03T00:00:00.0,42,249,540,150,Tue,392,392,0,0,,
2025-08-03,131621693,2025-08-03,2025-08-03T03:00:00.0,2025-08-04T03:00:00.0,2025-08-03T00:00:00.0,2025-08-04T00:00:00.0,42,249,540,150,Tue,392,540,6,71,,
2025-08-04,131621693,2025-08-04,2025-08-04T03:00:00.0,2025-08-05T03:00:00.0,2025-08-04T00:00:00.0,2025-08-05T00:00:00.0,123,193,509,150,Wed,0,40,40,0,,
2025-08-05,131621693,2025-08-05,2025-08-05T03:00:00.0,2025-08-06T03:00:00.0,2025-08-05T00:00:00.0,2025-08-06T00:00:00.0,123,193,509,150,Wed,40,105,15,25,,
2025-08-06,131621693,2025-08-06,2025-08-06T03:00:00.0,2025-08-07T03:00:00.0,2025-08-06T00:00:00.0,2025-08-07T00:00:00.0,123,193,509,150,Wed,105,210,27,39,,
2025-08-07,131621693,2025-08-07,2025-08-07T03:00:00.0,2025-08-08T03:00:00.0,2025-08-07T00:00:00.0,2025-08-08T00:00:00.0,123,193,509,150,Wed,210,327,1,58,,
2025-08-08,131621693,2025-08-08,2025-08-08T03:00:00.0,2025-08-09T03:00:00.0,2025-08-08T00:00:00.0,2025-08-09T00:00:00.0,123,193,509,150,Wed,327,327,0,0,,
2025-08-09,131621693,2025-08-09,2025-08-09T03:00:00.0,2025-08-10T03:00:00.0,2025-08-09T00:00:00.0,2025-08-10T00:00:00.0,123,193,509,150,Wed,327,505,36,71,,
2025-08-10,131621693,2025-08-10,2025-08-10T03:00:00.0,2025-08-11T03:00:00.0,2025-08-10T00:00:00.0,2025-08-11T00:00:00.0,123,193,509,150,Wed,505,509,4,0,,
2025-08-11,131621693,2025-08-11,2025-08-11T03:00:00.0,2025-08-12T03:00:00.0,2025-08-11T00:00:00.0,2025-08-12T00:00:00.0,148,217,582,150,Thu,0,54,26,14,,
2025-08-12,131621693,2025-08-12,2025-08-12T03:00:00.0,2025-08-13T03:00:00.0,2025-08-12T00:00:00.0,2025-08-13T00:00:00.0,148,217,582,150,Thu,54,125,33,19,,
2025-08-13,131621693,2025-08-13,2025-08-13T03:00:00.0,2025-08-14T03:00:00.0,2025-08-13T00:00:00.0,2025-08-14T00:00:00.0,148,217,582,150,Thu,125,125,0,0,,
2025-08-14,131621693,2025-08-14,2025-08-14T03:00:00.0,2025-08-15T03:00:00.0,2025-08-14T00:00:00.0,2025-08-15T00:00:00.0,148,217,582,150,Thu,125,324,47,76,,
2025-08-15,131621693,2025-08-15,2025-08-15T03:00:00.0,2025-08-16T03:00:00.0,2025-08-15T00:00:00.0,2025-08-16T00:00:00.0,148,217,582,150,Thu,324,419,3,46,,
2025-08-16,131621693,2025-08-16,2025-08-16T03:00:00.0,2025-08-17T03:00:00.0,2025-08-16T00:00:00.0,2025-08-17T00:00:00.0,148,217,582,150,Thu,419,564,21,62,,
2025-08-17,131621693,2025-08-17,2025-08-17T03:00:00.0,2025-08-18T03:00:00.0,2025-08-17T00:00:00.0,2025-08-18T00:00:00.0,148,217,582,150,Thu,564,582,18,0,,
2025-08-18,131621693,2025-08-18,2025-08-18T03:00:00.0,2025-08-19T03:00:00.0,2025-08-18T00:00:00.0,2025-08-19T00:00:00.0,144,172,488,150,Wed,0,44,28,8,,
2025-08-19,131621693,2025-08-19,2025-08-19T03:00:00.0,2025-08-20T03:00:00.0,2025-08-19T00:00:00.0,2025-08-20T00:00:00.0,144,172,488,150,Wed,44,100,16,20,,
2025-08-20,131621693,2025-08-20,2025-08-20T03:00:00.0,2025-08-21T03:00:00.0,2025-08-20T00:00:00.0,2025-08-21T00:00:00.0,144,172,488,150,Wed,100,221,7,57,,
2025-08-21,131621693,2025-08-21,2025-08-21T03:00:00.0,2025-08-22T03:00:00.0,2025-08-21T00:00:00.0,2025-08-22T00:00:00.0,144,172,488,150,Wed,221,275,44,5,,
2025-08-22,131621693,2025-08-22,2025-08-22T03:00:00.0,2025-08-23T03:00:00.0,2025-08-22T00:00:00.0,2025-08-23T00:00:00.0,144,172,488,150,Wed,275,304,29,0,,
2025-08-23,131621693,2025-08-23,2025-08-23T03:00:00.0,2025-08-24T03:00:00.0,2025-08-23T00:00:00.0,2025-08-24T00:00:00.0,144,172,488,150,Wed,304,334,16,7,,
2025-08-24,131621693,2025-08-24,2025-08-24T03:00:00.0,2025-08-25T03:00:00.0,2025-08-24T00:00:00.0,2025-08-25T00:00:00.0,144,172,488,150,Wed,334,488,4,75,,
2025-08-25,131621693,2025-08-25,2025-08-25T03:00:00.0,2025-08-26T03:00:00.0,2025-08-25T00:00:00.0,2025-08-26T00:00:00.0,176,129,434,150,Wed,0,58,46,6,,
2025-08-26,131621693,2025-08-26,2025-08-26T03:00:00.0,2025-08-27T03:00:00.0,2025-08-26T00:00:00.0,2025-08-27T00:00:00.0,176,129,434,150,Wed,58,99,37,2,,
2025-08-27,131621693,2025-08-27,2025-08-27T03:00:00.0,2025-08-28T03:00:00.0,2025-08-27T00:00:00.0,2025-08-28T00:00:00.0,176,129,434,150,Wed,99,269,22,74,,
2025-08-28,131621693,2025-08-28,2025-08-28T03:00:00.0,2025-08-29T03:00:00.0,2025-08-28T00:00:00.0,2025-08-29T00:00:00.0,176,129,434,150,Wed,269,324,37,9,,
2025-08-29,131621693,2025-08-29,2025-08-29T03:00:00.0,2025-08-30T03:00:00.0,2025-08-29T00:00:00.0,2025-08-30T00:00:00.0,176,129,434,150,Wed,324,401,21,28,,
2025-08-30,131621693,2025-08-30,2025-08-30T03:00:00.0,2025-08-31T03:00:00.0,2025-08-30T00:00:00.0,2025-08-31T00:00:00.0,176,129,434,150,Wed,401,434,13,10,,
2025-08-31,131621693,2025-08-31,2025-08-31T03:00:00.0,2025-09-01T03:00:00.0,2025-08-31T00:00:00.0,2025-09-01T00:00:00.0,176,129,434,150,Wed,434,434,0,0,,
2025-09-01,131621693,2025-09-01,2025-09-01T03:00:00.0,2025-09-02T03:00:00.0,2025-09-01T00:00:00.0,2025-09-02T00:00:00.0,195,175,545,150,Tue,0,18,12,3,,
2025-09-02,131621693,2025-09-02,2025-09-02T03:00:00.0,2025-09-03T03:00:00.0,2025-09-02T00:00:00.0,2025-09-03T00:00:00.0,195,175,545,150,Tue,18,165,33,57,,
2025-09-03,131621693,2025-09-03,2025-09-03T03:00:00.0,2025-09-04T03:00:00.0,2025-09-03T00:00:00.0,2025-09-04T00:00:00.0,195,175,545,150,Tue,165,302,95,21,,
2025-09-04,131621693,2025-09-04,2025-09-04T03:00:00.0,2025-09-05T03:00:00.0,2025-09-04T00:00:00.0,2025-09-05T00:00:00.0,195,175,545,150,Tue,302,302,0,0,,
2025-09-05,131621693,2025-09-05,2025-09-05T03:00:00.0,2025-09-06T03:00:00.0,2025-09-05T00:00:00.0,2025-09-06T00:00:00.0,195,175,545,150,Tue,302,338,36,0,,
2025-09-06,131621693,2025-09-06,2025-09-06T03:00:00.0,2025-09-07T03:00:00.0,2025-09-06T00:00:00.0,2025-09-07T00:00:00.0,195,175,545,150,Tue,338,545,19,94,,
2025-09-07,131621693,2025-09-07,2025-09-07T03:00:00.0,2025-09-08T03:00:00.0,2025-09-07T00:00:00.0,2025-09-08T00:00:00.0,195,175,545,150,Tue,545,545,0,0,,
2025-09-08,131621693,2025-09-08,2025-09-08T03:00:00.0,2025-09-09T03:00:00.0,2025-09-08T00:00:00.0,2025-09-09T00:00:00.0,197,243,683,150,Mon,0,199,15,92,,
2025-09-09,131621693,2025-09-09,2025-09-09T03:00:00.0,2025-09-10T03:00:00.0,2025-09-09T00:00:00.0,2025-09-10T00:00:00.0,197,243,683,150,Mon,199,287,58,15,,
2025-09-10,131621693,2025-09-10,2025-09-10T03:00:00.0,2025-09-11T03:00:00.0,2025-09-10T00:00:00.0,2025-09-11T00:00:00.0,197,243,683,150,Mon,287,410,3,60,,
2025-09-11,131621693,2025-09-11,2025-09-11T03:00:00.0,2025-09-12T03:00:00.0,2025-09-11T00:00:00.0,2025-09-12T00:00:00.0,197,243,683,150,Mon,410,526,80,18,,
2025-09-12,131621693,2025-09-12,2025-09-12T03:00:00.0,2025-09-13T03:00:00.0,2025-09-12T00:00:00.0,2025-09-13T00:00:00.0,197,243,683,150,Mon,526,526,0,0,,
2025-09-13,131621693,2025-09-13,2025-09-13T03:00:00.0,2025-09-14T03:00:00.0,2025-09-13T00:00:00.0,2025-09-14T00:00:00.0,197,243,683,150,Mon,526,683,41,58,,
2025-09-14,131621693,2025-09-14,2025-09-14T03:00:00.0,2025-09-15T03:00:00.0,2025-09-14T00:00:00.0,2025-09-15T00:00:00.0,197,243,683,150,Mon,683,683,0,0,,
2025-09-15,131621693,2025-09-15,2025-09-15T03:00:00.0,2025-09-16T03:00:00.0,2025-09-15T00:00:00.0,2025-09-16T00:00:00.0,174,191,556,150,Wed,0,72,2,35,,
2025-09-16,131621693,2025-09-16,2025-09-16T03:00:00.0,2025-09-17T03:00:00.0,2025-09-16T00:00:00.0,2025-09-17T00:00:00.0,174,191,556,150,Wed,72,135,59,2,,
2025-09-17,131621693,2025-09-17,2025-09-17T03:00:00.0,2025-09-18T03:00:00.0,2025-09-17T00:00:00.0,2025-09-18T00:00:00.0,174,191,556,150,Wed,135,228,1,46,,
2025-09-18,131621693,2025-09-18,2025-09-18T03:00:00.0,2025-09-19T03:00:00.0,2025-09-18T00:00:00.0,2025-09-19T00:00:00.0,174,191,556,150,Wed,228,282,50,2,,
2025-09-19,131621693,2025-09-19,2025-09-19T03:00:00.0,2025-09-20T03:00:00.0,2025-09-19T00:00:00.0,2025-09-20T00:00:00.0,174,191,556,150,Wed,282,377,15,40,,
2025-09-20,131621693,2025-09-20,2025-09-20T03:00:00.0,2025-09-21T03:00:00.0,2025-09-20T00:00:00.0,2025-09-21T00:00:00.0,174,191,556,150,Wed,377,415,38,0,,
2025-09-21,131621693,2025-09-21,2025-09-21T03:00:00.0,2025-09-22T03:00:00.0,2025-09-21T00:00:00.0,2025-09-22T00:00:00.0,174,191,556,150,Wed,415,556,9,66,,
2025-09-22,131621693,2025-09-22,2025-09-22T03:00:00.0,2025-09-23T03:00:00.0,2025-09-22T00:00:00.0,2025-09-23T00:00:00.0,152,192,536,150,Wed,0,0,0,0,,
2025-09-23,131621693,2025-09-23,2025-09-23T03:00:00.0,2025-09-24T03:00:00.0,2025-09-23T00:00:00.0,2025-09-24T00:00:00.0,152,192,536,150,Wed,0,133,51,41,,
2025-09-24,131621693,2025-09-24,2025-09-24T03:00:00.0,2025-09-25T03:00:00.0,2025-09-24T00:00:00.0,2025-09-25T00:00:00.0,152,192,536,150,Wed,133,151,18,0,,
2025-09-25,131621693,2025-09-25,2025-09-25T03:00:00.0,2025-09-26T03:00:00.0,2025-09-25T00:00:00.0,2025-09-26T00:00:00.0,152,192,536,150,Wed,151,236,5,40,,
2025-09-26,131621693,2025-09-26,2025-09-26T03:00:00.0,2025-09-27T03:00:00.0,2025-09-26T00:00:00.0,2025-09-27T00:00:00.0,152,192,536,150,Wed,236,287,43,4,,
2025-09-27,131621693,2025-09-27,2025-09-27T03:00:00.0,2025-09-28T03:00:00.0,2025-09-27T00:00:00.0,2025-09-28T00:00:00.0,152,192,536,150,Wed,287,536,35,107,,
2025-09-28,131621693,2025-09-28,2025-09-28T03:00:00.0,2025-09-29T03:00:00.0,2025-09-28T00:00:00.0,2025-09-29T00:00:00.0,152,192,536,150,Wed,536,536,0,0,,
2025-09-29,131621693,2025-09-29,2025-09-29T03:00:00.0,2025-09-30T03:00:00.0,2025-09-29T00:00:00.0,2025-09-30T00:00:00.0,154,192,538,150,Tue,0,38,38,0,,
2025-09-30,131621693,2025-09-30,2025-09-30T03:00:00.0,2025-10-01T03:00:00.0,2025-09-30T00:00:00.0,2025-10-01T00:00:00.0,154,192,538,150,Tue,38,191,3,75,,
2025-10-01,131621693,2025-10-01,2025-10-01T03:00:00.0,2025-10-02T03:00:00.0,2025-10-01T00:00:00.0,2025-10-02T00:00:00.0,154,192,538,150,Tue,191,328,101,18,,
2025-10-02,131621693,2025-10-02,2025-10-02T03:00:00.0,2025-10-03T03:00:00.0,2025-10-02T00:00:00.0,2025-10-03T00:00:00.0,154,192,538,150,Tue,328,328,0,0,,
2025-10-03,131621693,2025-10-03,2025-10-03T03:00:00.0,2025-10-04T03:00:00.0,2025-10-03T00:00:00.0,2025-10-04T00:00:00.0,154,192,538,150,Tue,328,392,2,31,,
2025-10-04,131621693,2025-10-04,2025-10-04T03:00:00.0,2025-10-05T03:00:00.0,2025-10-04T00:00:00.0,2025-10-05T00:00:00.0,154,192,538,150,Tue,392,392,0,0,,
2025-10-05,131621693,2025-10-05,2025-10-05T03:00:00.0,2025-10-06T03:00:00.0,2025-10-05T00:00:00.0,2025-10-06T00:00:00.0,154,192,538,150,Tue,392,538,10,68,,
2025-10-06,131621693,2025-10-06,2025-10-06T03:00:00.0,2025-10-07T03:00:00.0,2025-10-06T00:00:00.0,2025-10-07T00:00:00.0,137,118,373,150,Thu,0,59,43,8,,
2025-10-07,131621693,2025-10-07,2025-10-07T03:00:00.0,2025-10-08T03:00:00.0,2025-10-07T00:00:00.0,2025-10-08T00:00:00.0,137,118,373,150,Thu,59,59,0,0,,
2025-10-08,131621693,2025-10-08,2025-10-08T03:00:00.0,2025-10-09T03:00:00.0,2025-10-08T00:00:00.0,2025-10-09T00:00:00.0,137,118,373,150,Thu,59,114,9,23,,
2025-10-09,131621693,2025-10-09,2025-10-09T03:00:00.0,2025-10-10T03:00:00.0,2025-10-09T00:00:00.0,2025-10-10T00:00:00.0,137,118,373,150,Thu,114,199,3,41,,
2025-10-10,131621693,2025-10-10,2025-10-10T03:00:00.0,2025-10-11T03:00:00.0,2025-10-10T00:00:00.0,2025-10-11T00:00:00.0,137,118,373,150,Thu,199,286,79,4,,
2025-10-11,131621693,2025-10-11,2025-10-11T03:00:00.0,2025-10-12T03:00:00.0,2025-10-11T00:00:00.0,2025-10-12T00:00:00.0,137,118,373,150,Thu,286,373,3,42,,
2025-10-12,131621693,2025-10-12,2025-10-12T03:00:00.0,2025-10-13T03:00:00.0,2025-10-12T00:00:00.0,2025-10-13T00:00:00.0,137,118,373,150,Thu,373,373,0,0,,
2025-10-13,131621693,2025-10-13,2025-10-13T03:00:00.0,2025-10-14T03:00:00.0,2025-10-13T00:00:00.0,2025-10-14T00:00:00.0,155,234,623,150,Wed,0,6,0,3,,
2025-10-14,131621693,2025-10-14,2025-10-14T03:00:00.0,2025-10-15T03:00:00.0,2025-10-14T00:00:00.0,2025-10-15T00:00:00.0,155,234,623,150,Wed,6,107,3,49,,
2025-10-15,131621693,2025-10-15,2025-10-15T03:00:00.0,2025-10-16T03:00:00.0,2025-10-15T00:00:00.0,2025-10-16T00:00:00.0,155,234,623,150,Wed,107,182,55,10,,
2025-10-16,131621693,2025-10-16,2025-10-16T03:00:00.0,2025-10-17T03:00:00.0,2025-10-16T00:00:00.0,2025-10-17T00:00:00.0,155,234,623,150,Wed,182,303,3,59,,
2025-10-17,131621693,2025-10-17,2025-10-17T03:00:00.0,2025-10-18T03:00:00.0,2025-10-17T00:00:00.0,2025-10-18T00:00:00.0,155,234,623,150,Wed,303,376,47,13,,
2025-10-18,131621693,2025-10-18,2025-10-18T03:00:00.0,2025-10-19T03:00:00.0,2025-10-18T00:00:00.0,2025-10-19T00:00:00.0,155,234,623,150,Wed,376,623,47,100,,
2025-10-19,131621693,2025-10-19,2025-10-19T03:00:00.0,2025-10-20T03:00:00.0,2025-10-19T00:00:00.0,2025-10-20T00:00:00.0,155,234,623,150,Wed,623,623,0,0,,
2025-10-20,131621693,2025-10-20,2025-10-20T03:00:00.0,2025-10-21T03:00:00.0,2025-10-20T00:00:00.0,2025-10-21T00:00:00.0,141,219,579,150,Mon,0,159,41,59,,
2025-10-21,131621693,2025-10-21,2025-10-21T03:00:00.0,2025-10-22T03:00:00.0,2025-10-21T00:00:00.0,2025-10-22T00:00:00.0,141,219,579,150,Mon,159,163,0,2,,
2025-10-22,131621693,2025-10-22,2025-10-22T03:00:00.0,2025-10-23T03:00:00.0,2025-10-22T00:00:00.0,2025-10-23T00:00:00.0,141,219,579,150,Mon,163,344,43,69,,
2025-10-23,131621693,2025-10-23,2025-10-23T03:00:00.0,2025-10-24T03:00:00.0,2025-10-23T00:00:00.0,2025-10-24T00:00:00.0,141,219,579,150,Mon,344,344,0,0,,
2025-10-24,131621693,2025-10-24,2025-10-24T03:00:00.0,2025-10-25T03:00:00.0,2025-10-24T00:00:00.0,2025-10-25T00:00:00.0,141,219,579,150,Mon,344,397,41,6,,
2025-10-25,131621693,2025-10-25,2025-10-25T03:00:00.0,2025-10-26T03:00:00.0,2025-10-25T00:00:00.0,2025-10-26T00:00:00.0,141,219,579,150,Mon,397,431,14,10,,
2025-10-26,131621693,2025-10-26,2025-10-26T03:00:00.0,2025-10-27T03:00:00.0,2025-10-26T00:00:00.0,2025-10-27T00:00:00.0,141,219,579,150,Mon,431,579,2,73,,
2025-10-27,131621693,2025-10-27,2025-10-27T03:00:00.0,2025-10-28T03:00:00.0,2025-10-27T00:00:00.0,2025-10-28T00:00:00.0,123,221,565,150,Thu,0,55,31,12,,
2025-10-28,131621693,2025-10-28,2025-10-28T03:00:00.0,2025-10-29T03:00:00.0,2025-10-28T00:00:00.0,2025-10-29T00:00:00.0,123,221,565,150,Thu,55,124,27,21,,
2025-10-29,131621693,2025-10-29,2025-10-29T03:00:00.0,2025-10-30T03:00:00.0,2025-10-29T00:00:00.0,2025-10-30T00:00:00.0,123,221,565,150,Thu,124,124,0,0,,
2025-10-30,131621693,2025-10-30,2025-10-30T03:00:00.0,2025-10-31T03:00:00.0,2025-10-30T00:00:00.0,2025-10-31T00:00:00.0,123,221,565,150,Thu,124,211,9,39,,
2025-10-31,131621693,2025-10-31,2025-10-31T03:00:00.0,2025-11-01T03:00:00.0,2025-10-31T00:00:00.0,2025-11-01T00:00:00.0,123,221,565,150,Thu,211,389,40,69,,
2025-11-01,131621693,2025-11-01,2025-11-01T03:00:00.0,2025-11-02T03:00:00.0,2025-11-01T00:00:00.0,2025-11-02T00:00:00.0,123,221,565,150,Thu,389,565,16,80,,
2025-11-02,131621693,2025-11-02,2025-11-02T03:00:00.0,2025-11-03T03:00:00.0,2025-11-02T00:00:00.0,2025-11-03T00:00:00.0,123,221,565,150,Thu,565,565,0,0,,
2025-11-03,131621693,2025-11-03,2025-11-03T03:00:00.0,2025-11-04T03:00:00.0,2025-11-03T00:00:00.0,2025-11-04T00:00:00.0,182,238,658,150,Tue,0,143,27,58,,
2025-11-04,131621693,2025-11-04,2025-11-04T03:00:00.0,2025-11-05T03:00:00.0,2025-11-04T00:00:00.0,2025-11-05T00:00:00.0,182,238,658,150,Tue,143,179,28,4,,
2025-11-05,131621693,2025-11-05,2025-11-05T03:00:00.0,2025-11-06T03:00:00.0,2025-11-05T00:00:00.0,2025-11-06T00:00:00.0,182,238,658,150,Tue,179,345,22,72,,
2025-11-06,131621693,2025-11-06,2025-11-06T03:00:00.0,2025-11-07T03:00:00.0,2025-11-06T00:00:00.0,2025-11-07T00:00:00.0,182,238,658,150,Tue,345,417,52,10,,
2025-11-07,131621693,2025-11-07,2025-11-07T03:00:00.0,2025-11-08T03:00:00.0,2025-11-07T00:00:00.0,2025-11-08T00:00:00.0,182,238,658,150,Tue,417,496,37,21,,
2025-11-08,131621693,2025-11-08,2025-11-08T03:00:00.0,2025-11-09T03:00:00.0,2025-11-08T00:00:00.0,2025-11-09T00:00:00.0,182,238,658,150,Tue,496,658,16,73,,
2025-11-09,131621693,2025-11-09,2025-11-09T03:00:00.0,2025-11-10T03:00:00.0,2025-11-09T00:00:00.0,2025-11-10T00:00:00.0,182,238,658,150,Tue,658,658,0,0,,
2025-11-10,131621693,2025-11-10,2025-11-10T03:00:00.0,2025-11-11T03:00:00.0,2025-11-10T00:00:00.0,2025-11-11T00:00:00.0,81,168,417,150,Wed,0,0,0,0,,
2025-11-11,131621693,2025-11-11,2025-11-11T03:00:00.0,2025-11-12T03:00:00.0,2025-11-11T00:00:00.0,2025-11-12T00:00:00.0,81,168,417,150,Wed,0,92,34,29,,
2025-11-12,131621693,2025-11-12,2025-11-12T03:00:00.0,2025-11-13T03:00:00.0,2025-11-12T00:00:00.0,2025-11-13T00:00:00.0,81,168,417,150,Wed,92,207,29,43,,
2025-11-13,131621693,2025-11-13,2025-11-13T03:00:00.0,2025-11-14T03:00:00.0,2025-11-13T00:00:00.0,2025-11-14T00:00:00.0,81,168,417,150,Wed,207,207,0,0,,
2025-11-14,131621693,2025-11-14,2025-11-14T03:00:00.0,2025-11-15T03:00:00.0,2025-11-14T00:00:00.0,2025-11-15T00:00:00.0,81,168,417,150,Wed,207,207,0,0,,
2025-11-15,131621693,2025-11-15,2025-11-15T03:00:00.0,2025-11-16T03:00:00.0,2025-11-15T00:00:00.0,2025-11-16T00:00:00.0,81,168,417,150,Wed,207,243,14,11,,
2025-11-16,131621693,2025-11-16,2025-11-16T03:00:00.0,2025-11-17T03:00:00.0,2025-11-16T00:00:00.0,2025-11-17T00:00:00.0,81,168,417,150,Wed,243,417,4,85,,
2025-11-17,131621693,2025-11-17,2025-11-17T03:00:00.0,2025-11-18T03:00:00.0,2025-11-17T00:00:00.0,2025-11-18T00:00:00.0,266,72,410,150,Wed,0,77,67,5,,
2025-11-18,131621693,2025-11-18,2025-11-18T03:00:00.0,2025-11-19T03:00:00.0,2025-11-18T00:00:00.0,2025-11-19T00:00:00.0,266,72,410,150,Wed,77,92,7,4,,
2025-11-19,131621693,2025-11-19,2025-11-19T03:00:00.0,2025-11-20T03:00:00.0,2025-11-19T00:00:00.0,2025-11-20T00:00:00.0,266,72,410,150,Wed,92,221,87,21,,
2025-11-20,131621693,2025-11-20,2025-11-20T03:00:00.0,2025-11-21T03:00:00.0,2025-11-20T00:00:00.0,2025-11-21T00:00:00.0,266,72,410,150,Wed,221,320,33,33,,
2025-11-21,131621693,2025-11-21,2025-11-21T03:00:00.0,2025-11-22T03:00:00.0,2025-11-21T00:00:00.0,2025-11-22T00:00:00.0,266,72,410,150,Wed,320,410,72,9,,
2025-11-22,131621693,2025-11-22,2025-11-22T03:00:00.0,2025-11-23T03:00:00.0,2025-11-22T00:00:00.0,2025-11-23T00:00:00.0,266,72,410,150,Wed,410,410,0,0,,
2025-11-23,131621693,2025-11-23,2025-11-23T03:00:00.0,2025-11-24T03:00:00.0,2025-11-23T00:00:00.0,2025-11-24T00:00:00.0,266,72,410,150,Wed,410,410,0,0,,
2025-11-24,131621693,2025-11-24,2025-11-24T03:00:00.0,2025-11-25T03:00:00.0,2025-11-24T00:00:00.0,2025-11-25T00:00:00.0,271,147,565,150,Wed,0,8,2,3,,
2025-11-25,131621693,2025-11-25,2025-11-25T03:00:00.0,2025-11-26T03:00:00.0,2025-11-25T00:00:00.0,2025-11-26T00:00:00.0,271,147,565,150,Wed,8,73,53,6,,
2025-11-26,131621693,2025-11-26,2025-11-26T03:00:00.0,2025-11-27T03:00:00.0,2025-11-26T00:00:00.0,2025-11-27T00:00:00.0,271,147,565,150,Wed,73,166,41,26,,
2025-11-27,131621693,2025-11-27,2025-11-27T03:00:00.0,2025-11-28T03:00:00.0,2025-11-27T00:00:00.0,2025-11-28T00:00:00.0,271,147,565,150,Wed,166,241,13,31,,
2025-11-28,131621693,2025-11-28,2025-11-28T03:00:00.0,2025-11-29T03:00:00.0,2025-11-28T00:00:00.0,2025-11-29T00:00:00.0,271,147,565,150,Wed,241,391,94,28,,
2025-11-29,131621693,2025-11-29,2025-11-29T03:00:00.0,2025-11-30T03:00:00.0,2025-11-29T00:00:00.0,2025-11-30T00:00:00.0,271,147,565,150,Wed,391,391,0,0,,
2025-11-30,131621693,2025-11-30,2025-11-30T03:00:00.0,2025-12-01T03:00:00.0,2025-11-30T00:00:00.0,2025-12-01T00:00:00.0,271,147,565,150,Wed,391,565,68,53,,
2025-12-01,131621693,2025-12-01,2025-12-01T03:00:00.0,2025-12-02T03:00:00.0,2025-12-01T00:00:00.0,2025-12-02T00:00:00.0,193,118,429,150,Thu,0,0,0,0,,
2025-12-02,131621693,2025-12-02,2025-12-02T03:00:00.0,2025-12-03T03:00:00.0,2025-12-02T00:00:00.0,2025-12-03T00:00:00.0,193,118,429,150,Thu,0,125,63,31,,
2025-12-03,131621693,2025-12-03,2025-12-03T03:00:00.0,2025-12-04T03:00:00.0,2025-12-03T00:00:00.0,2025-12-04T00:00:00.0,193,118,429,150,Thu,125,130,1,2,,
2025-12-04,131621693,2025-12-04,2025-12-04T03:00:00.0,2025-12-05T03:00:00.0,2025-12-04T00:00:00.0,2025-12-05T00:00:00.0,193,118,429,150,Thu,130,293,31,66,,
2025-12-05,131621693,2025-12-05,2025-12-05T03:00:00.0,2025-12-06T03:00:00.0,2025-12-05T00:00:00.0,2025-12-06T00:00:00.0,193,118,429,150,Thu,293,300,1,3,,
2025-12-06,131621693,2025-12-06,2025-12-06T03:00:00.0,2025-12-07T03:00:00.0,2025-12-06T00:00:00.0,2025-12-07T00:00:00.0,193,118,429,150,Thu,300,389,57,16,,
2025-12-07,131621693,2025-12-07,2025-12-07T03:00:00.0,2025-12-08T03:00:00.0,2025-12-07T00:00:00.0,2025-12-08T00:00:00.0,193,118,429,150,Thu,389,429,40,0,,
2025-12-08,131621693,2025-12-08,2025-12-08T03:00:00.0,2025-12-09T03:00:00.0,2025-12-08T00:00:00.0,2025-12-09T00:00:00.0,123,190,503,150,Wed,0,40,8,16,,
2025-12-09,131621693,2025-12-09,2025-12-09T03:00:00.0,2025-12-10T03:00:00.0,2025-12-09T00:00:00.0,2025-12-10T00:00:00.0,123,190,503,150,Wed,40,87,41,3,,
2025-12-10,131621693,2025-12-10,2025-12-10T03:00:00.0,2025-12-11T03:00:00.0,2025-12-10T00:00:00.0,2025-12-11T00:00:00.0,123,190,503,150,Wed,87,151,2,31,,
2025-12-11,131621693,2025-12-11,2025-12-11T03:00:00.0,2025-12-12T03:00:00.0,2025-12-11T00:00:00.0,2025-12-12T00:00:00.0,123,190,503,150,Wed,151,271,12,54,,
2025-12-12,131621693,2025-12-12,2025-12-12T03:00:00.0,2025-12-13T03:00:00.0,2025-12-12T00:00:00.0,2025-12-13T00:00:00.0,123,190,503,150,Wed,271,328,39,9,,
2025-12-13,131621693,2025-12-13,2025-12-13T03:00:00.0,2025-12-14T03:00:00.0,2025-12-13T00:00:00.0,2025-12-14T00:00:00.0,123,190,503,150,Wed,328,503,21,77,,
2025-12-14,131621693,2025-12-14,2025-12-14T03:00:00.0,2025-12-15T03:00:00.0,2025-12-14T00:00:00.0,2025-12-15T00:00:00.0,123,190,503,150,Wed,503,503,0,0,,
2025-12-15,131621693,2025-12-15,2025-12-15T03:00:00.0,2025-12-16T03:00:00.0,2025-12-15T00:00:00.0,2025-12-16T00:00:00.0,139,198,535,150,Tue,0,126,32,47,,
2025-12-16,131621693,2025-12-16,2025-12-16T03:00:00.0,2025-12-17T03:00:00.0,2025-12-16T00:00:00.0,2025-12-17T00:00:00.0,139,198,535,150,Tue,126,193,5,31,,
2025-12-17,131621693,2025-12-17,2025-12-17T03:00:00.0,2025-12-18T03:00:00.0,2025-12-17T00:00:00.0,2025-12-18T00:00:00.0,139,198,535,150,Tue,193,240,45,1,,
2025-12-18,131621693,2025-12-18,2025-12-18T03:00:00.0,2025-12-19T03:00:00.0,2025-12-18T00:00:00.0,2025-12-19T00:00:00.0,139,198,535,150,Tue,240,333,9,42,,
2025-12-19,131621693,2025-12-19,2025-12-19T03:00:00.0,2025-12-20T03:00:00.0,2025-12-19T00:00:00.0,2025-12-20T00:00:00.0,139,198,535,150,Tue,333,395,2,30,,
2025-12-20,131621693,2025-12-20,2025-12-20T03:00:00.0,2025-12-21T03:00:00.0,2025-12-20T00:00:00.0,2025-12-21T00:00:00.0,139,198,535,150,Tue,395,535,46,47,,
2025-12-21,131621693,2025-12-21,2025-12-21T03:00:00.0,2025-12-22T03:00:00.0,2025-12-21T00:00:00.0,2025-12-22T00:00:00.0,139,198,535,150,Tue,535,535,0,0,,
2025-12-22,131621693,2025-12-22,2025-12-22T03:00:00.0,2025-12-23T03:00:00.0,2025-12-22T00:00:00.0,2025-12-23T00:00:00.0,39,21,81,150,,0,0,0,0,,
2025-12-23,131621693,2025-12-23,2025-12-23T03:00:00.0,2025-12-24T03:00:00.0,2025-12-23T00:00:00.0,2025-12-24T00:00:00.0,39,21,81,150,,0,81,39,21,,
2025-12-24,131621693,2025-12-24,2025-12-24T03:00:00.0,2025-12-25T03:00:00.0,2025-12-24T00:00:00.0,2025-12-25T00:00:00.0,39,21,81,150,,81,81,0,0,,
2025-12-25,131621693,2025-12-25,2025-12-25T03:00:00.0,2025-12-25T03:44:00.0,2025-12-25T00:00:00.0,2025-12-25T00:44:00.0,39,21,81,150,,81,81,0,0,,
2025-12-26,131621693,2025-12-26,,,,,39,21,81,150,,81,81,,,,
2025-12-27,131621693,2025-12-27,,,,,39,21,81,150,,81,81,,,,
2025-12-28,131621693,2025-12-28,2025-12-28T03:00:00.0,2025-12-29T03:00:00.0,2025-12-28T00:00:00.0,2025-12-29T00:00:00.0,39,21,81,150,,81,81,0,0,,
2025-12-29,131621693,2025-12-29,2025-12-29T03:00:00.0,2025-12-30T03:00:00.0,2025-12-29T00:00:00.0,2025-12-30T00:00:00.0,111,188,487,150,Wed,0,5,1,2,,
2025-12-30,131621693,2025-12-30,2025-12-30T03:00:00.0,2025-12-31T03:00:00.0,2025-12-30T00:00:00.0,2025-12-31T00:00:00.0,111,188,487,150,Wed,5,78,5,34,,
2025-12-31,131621693,2025-12-31,2025-12-31T03:00:00.0,2026-01-01T03:00:00.0,2025-12-31T00:00:00.0,2026-01-01T00:00:00.0,111,188,487,150,Wed,78,214,80,28,,
2026-01-01,131621693,2026-01-01,2026-01-01T03:00:00.0,2026-01-02T03:00:00.0,2026-01-01T00:00:00.0,2026-01-02T00:00:00.0,111,188,487,150,Wed,214,216,0,1,,
2026-01-02,131621693,2026-01-02,2026-01-02T03:00:00.0,2026-01-03T03:00:00.0,2026-01-02T00:00:00.0,2026-01-03T00:00:00.0,111,188,487,150,Wed,216,362,2,72,,
2026-01-03,131621693,2026-01-03,2026-01-03T03:00:00.0,2026-01-04T03:00:00.0,2026-01-03T00:00:00.0,2026-01-04T00:00:00.0,111,188,487,150,Wed,362,487,23,51,,
2026-01-04,131621693,2026-01-04,2026-01-04T03:00:00.0,2026-01-05T03:00:00.0,2026-01-04T00:00:00.0,2026-01-05T00:00:00.0,111,188,487,150,Wed,487,487,0,0,,
2026-01-05,131621693,2026-01-05,2026-01-05T03:00:00.0,2026-01-06T03:00:00.0,2026-01-05T00:00:00.0,2026-01-06T00:00:00.0,99,145,389,150,Wed,0,12,12,0,,
2026-01-06,131621693,2026-01-06,2026-01-06T03:00:00.0,2026-01-07T03:00:00.0,2026-01-06T00:00:00.0,2026-01-07T00:00:00.0,99,145,389,150,Wed,12,87,3,36,,
2026-01-07,131621693,2026-01-07,2026-01-07T03:00:00.0,2026-01-08T03:00:00.0,2026-01-07T00:00:00.0,2026-01-08T00:00:00.0,99,145,389,150,Wed,87,192,37,34,,
2026-01-08,131621693,2026-01-08,2026-01-08T03:00:00.0,2026-01-09T03:00:00.0,2026-01-08T00:00:00.0,2026-01-09T00:00:00.0,99,145,389,150,Wed,192,192,0,0,,
2026-01-09,131621693,2026-01-09,2026-01-09T03:00:00.0,2026-01-10T03:00:00.0,2026-01-09T00:00:00.0,2026-01-10T00:00:00.0,99,145,389,150,Wed,192,237,1,22,,
2026-01-10,131621693,2026-01-10,2026-01-10T03:00:00.0,2026-01-11T03:00:00.0,2026-01-10T00:00:00.0,2026-01-11T00:00:00.0,99,145,389,150,Wed,237,389,46,53,,
2026-01-11,131621693,2026-01-11,2026-01-11T03:00:00.0,2026-01-12T03:00:00.0,2026-01-11T00:00:00.0,2026-01-12T00:00:00.0,99,145,389,150,Wed,389,389,0,0,,
2026-01-12,131621693,2026-01-12,2026-01-12T03:00:00.0,2026-01-13T03:00:00.0,2026-01-12T00:00:00.0,2026-01-13T00:00:00.0,101,158,417,150,Wed,0,0,0,0,,
2026-01-13,131621693,2026-01-13,2026-01-13T03:00:00.0,2026-01-14T03:00:00.0,2026-01-13T00:00:00.0,2026-01-14T00:00:00.0,101,158,417,150,Wed,0,75,9,33,,
2026-01-14,131621693,2026-01-14,2026-01-14T03:00:00.0,2026-01-15T03:00:00.0,2026-01-14T00:00:00.0,2026-01-15T00:00:00.0,101,158,417,150,Wed,75,177,56,23,,
2026-01-15,131621693,2026-01-15,2026-01-15T03:00:00.0,2026-01-16T03:00:00.0,2026-01-15T00:00:00.0,2026-01-16T00:00:00.0,101,158,417,150,Wed,177,177,0,0,,
2026-01-16,131621693,2026-01-16,2026-01-16T03:00:00.0,2026-01-17T03:00:00.0,2026-01-16T00:00:00.0,2026-01-17T00:00:00.0,101,158,417,150,Wed,177,269,2,45,,
2026-01-17,131621693,2026-01-17,2026-01-17T03:00:00.0,2026-01-18T03:00:00.0,2026-01-17T00:00:00.0,2026-01-18T00:00:00.0,101,158,417,150,Wed,269,381,12,50,,
2026-01-18,131621693,2026-01-18,2026-01-18T03:00:00.0,2026-01-19T03:00:00.0,2026-01-18T00:00:00.0,2026-01-19T00:00:00.0,101,158,417,150,Wed,381,417,22,7,,
2026-01-19,131621693,2026-01-19,2026-01-19T03:00:00.0,2026-01-20T03:00:00.0,2026-01-19T00:00:00.0,2026-01-20T00:00:00.0,40,62,164,150,Fri,0,0,0,0,,
2026-01-20,131621693,2026-01-20,2026-01-20T03:00:00.0,2026-01-21T03:00:00.0,2026-01-20T00:00:00.0,2026-01-21T00:00:00.0,40,62,164,150,Fri,0,63,13,25,,
2026-01-21,131621693,2026-01-21,2026-01-21T03:00:00.0,2026-01-22T03:00:00.0,2026-01-21T00:00:00.0,2026-01-22T00:00:00.0,40,62,164,150,Fri,63,86,23,0,,
2026-01-22,131621693,2026-01-22,2026-01-22T03:00:00.0,2026-01-23T03:00:00.0,2026-01-22T00:00:00.0,2026-01-23T00:00:00.0,40,62,164,150,Fri,86,86,0,0,,
2026-01-23,131621693,2026-01-23,2026-01-23T03:00:00.0,2026-01-24T03:00:00.0,2026-01-23T00:00:00.0,2026-01-24T00:00:00.0,40,62,164,150,Fri,86,164,4,37,,
2026-01-24,131621693,2026-01-24,2026-01-24T03:00:00.0,2026-01-25T03:00:00.0,2026-01-24T00:00:00.0,2026-01-25T00:00:00.0,40,62,164,150,Fri,164,164,0,0,,
2026-01-25,131621693,2026-01-25,2026-01-25T03:00:00.0,2026-01-26T03:00:00.0,2026-01-25T00:00:00.0,2026-01-26T00:00:00.0,40,62,164,150,Fri,164,164,0,0,,
2026-01-26,131621693,2026-01-26,2026-01-26T03:00:00.0,2026-01-27T03:00:00.0,2026-01-26T00:00:00.0,2026-01-27T00:00:00.0,137,198,533,150,Tue,0,143,11,66,,
2026-01-27,131621693,2026-01-27,2026-01-27T03:00:00.0,2026-01-28T03:00:00.0,2026-01-27T00:00:00.0,2026-01-28T00:00:00.0,137,198,533,150,Tue,143,292,39,55,,
2026-01-28,131621693,2026-01-28,2026-01-28T03:00:00.0,2026-01-29T03:00:00.0,2026-01-28T00:00:00.0,2026-01-29T00:00:00.0,137,198,533,150,Tue,292,321,29,0,,
2026-01-29,131621693,2026-01-29,2026-01-29T03:00:00.0,2026-01-30T03:00:00.0,2026-01-29T00:00:00.0,2026-01-30T00:00:00.0,137,198,533,150,Tue,321,360,39,0,,
2026-01-30,131621693,2026-01-30,2026-01-30T03:00:00.0,2026-01-31T03:00:00.0,2026-01-30T00:00:00.0,2026-01-31T00:00:00.0,137,198,533,150,Tue,360,360,0,0,,
2026-01-31,131621693,2026-01-31,2026-01-31T03:00:00.0,2026-02-01T03:00:00.0,2026-01-31T00:00:00.0,2026-02-01T00:00:00.0,137,198,533,150,Tue,360,533,19,77,,
2026-02-01,131621693,2026-02-01,2026-02-01T03:00:00.0,2026-02-02T03:00:00.0,2026-02-01T00:00:00.0,2026-02-02T00:00:00.0,137,198,533,150,Tue,533,533,0,0,,
2026-02-02,131621693,2026-02-02,2026-02-02T03:00:00.0,2026-02-03T03:00:00.0,2026-02-02T00:00:00.0,2026-02-03T00:00:00.0,254,202,658,150,Tue,0,80,6,37,,
2026-02-03,131621693,2026-02-03,2026-02-03T03:00:00.0,2026-02-04T03:00:00.0,2026-02-03T00:00:00.0,2026-02-04T00:00:00.0,254,202,658,150,Tue,80,224,46,49,,
2026-02-04,131621693,2026-02-04,2026-02-04T03:00:00.0,2026-02-05T03:00:00.0,2026-02-04T00:00:00.0,2026-02-05T00:00:00.0,254,202,658,150,Tue,224,258,26,4,,
2026-02-05,131621693,2026-02-05,2026-02-05T03:00:00.0,2026-02-06T03:00:00.0,2026-02-05T00:00:00.0,2026-02-06T00:00:00.0,254,202,658,150,Tue,258,306,30,9,,
2026-02-06,131621693,2026-02-06,2026-02-06T03:00:00.0,2026-02-07T03:00:00.0,2026-02-06T00:00:00.0,2026-02-07T00:00:00.0,254,202,658,150,Tue,306,369,53,5,,
2026-02-07,131621693,2026-02-07,2026-02-07T03:00:00.0,2026-02-08T03:00:00.0,2026-02-07T00:00:00.0,2026-02-08T00:00:00.0,254,202,658,150,Tue,369,658,93,98,,
2026-02-08,131621693,2026-02-08,2026-02-08T03:00:00.0,2026-02-09T03:00:00.0,2026-02-08T00:00:00.0,2026-02-09T00:00:00.0,254,202,658,150,Tue,658,658,0,0,,
2026-02-09,131621693,2026-02-09,2026-02-09T03:00:00.0,2026-02-10T03:00:00.0,2026-02-09T00:00:00.0,2026-02-10T00:00:00.0,173,225,623,150,Wed,0,18,18,0,,
2026-02-10,131621693,2026-02-10,2026-02-10T03:00:00.0,2026-02-11T03:00:00.0,2026-02-10T00:00:00.0,2026-02-11T00:00:00.0,173,225,623,150,Wed,18,73,43,6,,
2026-02-11,131621693,2026-02-11,2026-02-11T03:00:00.0,2026-02-12T03:00:00.0,2026-02-11T00:00:00.0,2026-02-12T00:00:00.0,173,225,623,150,Wed,73,187,6,54,,
2026-02-12,131621693,2026-02-12,2026-02-12T03:00:00.0,2026-02-13T03:00:00.0,2026-02-12T00:00:00.0,2026-02-13T00:00:00.0,173,225,623,150,Wed,187,292,21,42,,
2026-02-13,131621693,2026-02-13,2026-02-13T03:00:00.0,2026-02-14T03:00:00.0,2026-02-13T00:00:00.0,2026-02-14T00:00:00.0,173,225,623,150,Wed,292,429,41,48,,
2026-02-14,131621693,2026-02-14,2026-02-14T03:00:00.0,2026-02-15T03:00:00.0,2026-02-14T00:00:00.0,2026-02-15T00:00:00.0,173,225,623,150,Wed,429,492,39,12,,
2026-02-15,131621693,2026-02-15,2026-02-15T03:00:00.0,2026-02-16T03:00:00.0,2026-02-15T00:00:00.0,2026-02-16T00:00:00.0,173,225,623,150,Wed,492,623,5,63,,
2026-02-16,131621693,2026-02-16,2026-02-16T03:00:00.0,2026-02-17T03:00:00.0,2026-02-16T00:00:00.0,2026-02-17T00:00:00.0,301,211,723,150,Wed,0,80,64,8,,
2026-02-17,131621693,2026-02-17,2026-02-17T03:00:00.0,2026-02-18T03:00:00.0,2026-02-17T00:00:00.0,2026-02-18T00:00:00.0,301,211,723,150,Wed,80,80,0,0,,
2026-02-18,131621693,2026-02-18,2026-02-18T03:00:00.0,2026-02-19T03:00:00.0,2026-02-18T00:00:00.0,2026-02-19T00:00:00.0,301,211,723,150,Wed,80,179,41,29,,
2026-02-19,131621693,2026-02-19,2026-02-19T03:00:00.0,2026-02-20T03:00:00.0,2026-02-19T00:00:00.0,2026-02-20T00:00:00.0,301,211,723,150,Wed,179,256,5,36,,
2026-02-20,131621693,2026-02-20,2026-02-20T03:00:00.0,2026-02-21T03:00:00.0,2026-02-20T00:00:00.0,2026-02-21T00:00:00.0,301,211,723,150,Wed,256,340,46,19,,
2026-02-21,131621693,2026-02-21,2026-02-21T03:00:00.0,2026-02-22T03:00:00.0,2026-02-21T00:00:00.0,2026-02-22T00:00:00.0,301,211,723,150,Wed,340,573,53,90,,
2026-02-22,131621693,2026-02-22,2026-02-22T03:00:00.0,2026-02-23T03:00:00.0,2026-02-22T00:00:00.0,2026-02-23T00:00:00.0,301,211,723,150,Wed,573,723,92,29,,
2026-02-23,131621693,2026-02-23,2026-02-23T03:00:00.0,2026-02-24T03:00:00.0,2026-02-23T00:00:00.0,2026-02-24T00:00:00.0,261,175,611,150,Thu,0,8,8,0,,
2026-02-24,131621693,2026-02-24,2026-02-24T03:00:00.0,2026-02-25T03:00:00.0,2026-02-24T00:00:00.0,2026-02-25T00:00:00.0,261,175,611,150,Thu,8,38,30,0,,
2026-02-25,131621693,2026-02-25,2026-02-25T03:00:00.0,2026-02-26T03:00:00.0,2026-02-25T00:00:00.0,2026-02-26T00:00:00.0,261,175,611,150,Thu,38,86,40,4,,
2026-02-26,131621693,2026-02-26,2026-02-26T03:00:00.0,2026-02-27T03:00:00.0,2026-02-26T00:00:00.0,2026-02-27T00:00:00.0,261,175,611,150,Thu,86,153,49,9,,
2026-02-27,131621693,2026-02-27,2026-02-27T03:00:00.0,2026-02-28T03:00:00.0,2026-02-27T00:00:00.0,2026-02-28T00:00:00.0,261,175,611,150,Thu,153,280,17,55,,
2026-02-28,131621693,2026-02-28,2026-02-28T03:00:00.0,2026-03-01T03:00:00.0,2026-02-28T00:00:00.0,2026-03-01T00:00:00.0,261,175,611,150,Thu,280,483,55,74,,
2026-03-01,131621693,2026-03-01,2026-03-01T03:00:00.0,2026-03-02T03:00:00.0,2026-03-01T00:00:00.0,2026-03-02T00:00:00.0,261,175,611,150,Thu,483,611,62,33,,
2026-03-02,131621693,2026-03-02,2026-03-02T03:00:00.0,2026-03-03T03:00:00.0,2026-03-02T00:00:00.0,2026-03-03T00:00:00.0,276,241,758,150,Wed,0,9,9,0,,
2026-03-03,131621693,2026-03-03,2026-03-03T03:00:00.0,2026-03-04T03:00:00.0,2026-03-03T00:00:00.0,2026-03-04T00:00:00.0,276,241,758,150,Wed,9,89,10,35,,
2026-03-04,131621693,2026-03-04,2026-03-04T03:00:00.0,2026-03-05T03:00:00.0,2026-03-04T00:00:00.0,2026-03-05T00:00:00.0,276,241,758,150,Wed,89,203,78,18,,
2026-03-05,131621693,2026-03-05,2026-03-05T03:00:00.0,2026-03-06T03:00:00.0,2026-03-05T00:00:00.0,2026-03-06T00:00:00.0,276,241,758,150,Wed,203,299,10,43,,
2026-03-06,131621693,2026-03-06,2026-03-06T03:00:00.0,2026-03-07T03:00:00.0,2026-03-06T00:00:00.0,2026-03-07T00:00:00.0,276,241,758,150,Wed,299,350,47,2,,
2026-03-07,131621693,2026-03-07,2026-03-07T03:00:00.0,2026-03-08T03:00:00.0,2026-03-07T00:00:00.0,2026-03-08T00:00:00.0,276,241,758,150,Wed,350,599,109,70,,
2026-03-08,131621693,2026-03-08,2026-03-08T03:00:00.0,2026-03-09T03:00:00.0,2026-03-08T00:00:00.0,2026-03-09T00:00:00.0,276,241,758,150,Wed,599,758,13,73,,
2026-03-09,131621693,2026-03-09,2026-03-09T03:00:00.0,2026-03-10T03:00:00.0,2026-03-09T00:00:00.0,2026-03-10T00:00:00.0,288,239,766,150,Wed,0,39,35,2,,
2026-03-10,131621693,2026-03-10,2026-03-10T03:00:00.0,2026-03-11T03:00:00.0,2026-03-10T00:00:00.0,2026-03-11T00:00:00.0,288,239,766,150,Wed,39,124,9,38,,
2026-03-11,131621693,2026-03-11,2026-03-11T03:00:00.0,2026-03-12T03:00:00.0,2026-03-11T00:00:00.0,2026-03-12T00:00:00.0,288,239,766,150,Wed,124,231,71,18,,
2026-03-12,131621693,2026-03-12,2026-03-12T03:00:00.0,2026-03-13T03:00:00.0,2026-03-12T00:00:00.0,2026-03-13T00:00:00.0,288,239,766,150,Wed,231,326,5,45,,
2026-03-13,131621693,2026-03-13,2026-03-13T03:00:00.0,2026-03-14T03:00:00.0,2026-03-13T00:00:00.0,2026-03-14T00:00:00.0,288,239,766,150,Wed,326,391,25,20,,
2026-03-14,131621693,2026-03-14,2026-03-14T03:00:00.0,2026-03-15T03:00:00.0,2026-03-14T00:00:00.0,2026-03-15T00:00:00.0,288,239,766,150,Wed,391,589,130,34,,
2026-03-15,131621693,2026-03-15,2026-03-15T03:00:00.0,2026-03-16T03:00:00.0,2026-03-15T00:00:00.0,2026-03-16T00:00:00.0,288,239,766,150,Wed,589,766,13,82,,
2026-03-16,131621693,2026-03-16,2026-03-16T03:00:00.0,2026-03-17T03:00:00.0,2026-03-16T00:00:00.0,2026-03-17T00:00:00.0,275,182,639,150,Wed,0,16,16,0,,
2026-03-17,131621693,2026-03-17,2026-03-17T03:00:00.0,2026-03-18T03:00:00.0,2026-03-17T00:00:00.0,2026-03-18T00:00:00.0,275,182,639,150,Wed,16,88,18,27,,
2026-03-18,131621693,2026-03-18,2026-03-18T03:00:00.0,2026-03-19T03:00:00.0,2026-03-18T00:00:00.0,2026-03-19T00:00:00.0,275,182,639,150,Wed,88,205,85,16,,
2026-03-19,131621693,2026-03-19,2026-03-19T03:00:00.0,2026-03-20T03:00:00.0,2026-03-19T00:00:00.0,2026-03-20T00:00:00.0,275,182,639,150,Wed,205,331,16,55,,
2026-03-20,131621693,2026-03-20,2026-03-20T03:00:00.0,2026-03-21T03:00:00.0,2026-03-20T00:00:00.0,2026-03-21T00:00:00.0,275,182,639,150,Wed,331,331,0,0,,
2026-03-21,131621693,2026-03-21,2026-03-21T03:00:00.0,2026-03-22T03:00:00.0,2026-03-21T00:00:00.0,2026-03-22T00:00:00.0,275,182,639,150,Wed,331,530,135,32,,
2026-03-22,131621693,2026-03-22,2026-03-22T03:00:00.0,2026-03-23T03:00:00.0,2026-03-22T00:00:00.0,2026-03-23T00:00:00.0,275,182,639,150,Wed,530,639,5,52,,
2026-03-23,131621693,2026-03-23,2026-03-23T03:00:00.0,2026-03-24T03:00:00.0,2026-03-23T00:00:00.0,2026-03-24T00:00:00.0,268,176,620,150,Wed,0,74,72,1,,
2026-03-24,131621693,2026-03-24,2026-03-24T03:00:00.0,2026-03-25T03:00:00.0,2026-03-24T00:00:00.0,2026-03-25T00:00:00.0,268,176,620,150,Wed,74,143,13,28,,
2026-03-25,131621693,2026-03-25,2026-03-25T03:00:00.0,2026-03-26T03:00:00.0,2026-03-25T00:00:00.0,2026-03-26T00:00:00.0,268,176,620,150,Wed,143,263,34,43,,
2026-03-26,131621693,2026-03-26,2026-03-26T03:00:00.0,2026-03-27T03:00:00.0,2026-03-26T00:00:00.0,2026-03-27T00:00:00.0,268,176,620,150,Wed,263,385,112,5,,
2026-03-27,131621693,2026-03-27,2026-03-27T03:00:00.0,2026-03-28T03:00:00.0,2026-03-27T00:00:00.0,2026-03-28T00:00:00.0,268,176,620,150,Wed,385,452,29,19,,
2026-03-28,131621693,2026-03-28,2026-03-28T03:00:00.0,2026-03-29T03:00:00.0,2026-03-28T00:00:00.0,2026-03-29T00:00:00.0,268,176,620,150,Wed,452,620,8,80,,
2026-03-29,131621693,2026-03-29,2026-03-29T03:00:00.0,2026-03-30T03:00:00.0,2026-03-29T00:00:00.0,2026-03-30T00:00:00.0,268,176,620,150,Wed,620,620,0,0,,
2026-03-30,131621693,2026-03-30,2026-03-30T03:00:00.0,2026-03-31T03:00:00.0,2026-03-30T00:00:00.0,2026-03-31T00:00:00.0,269,150,569,150,Wed,0,21,17,2,,
2026-03-31,131621693,2026-03-31,2026-03-31T03:00:00.0,2026-04-01T03:00:00.0,2026-03-31T00:00:00.0,2026-04-01T00:00:00.0,269,150,569,150,Wed,21,83,58,2,,
2026-04-01,131621693,2026-04-01,2026-04-01T03:00:00.0,2026-04-02T03:00:00.0,2026-04-01T00:00:00.0,2026-04-02T00:00:00.0,269,150,569,150,Wed,83,165,58,12,,
2026-04-02,131621693,2026-04-02,2026-04-02T03:00:00.0,2026-04-03T03:00:00.0,2026-04-02T00:00:00.0,2026-04-03T00:00:00.0,269,150,569,150,Wed,165,228,41,11,,
2026-04-03,131621693,2026-04-03,2026-04-03T03:00:00.0,2026-04-04T03:00:00.0,2026-04-03T00:00:00.0,2026-04-04T00:00:00.0,269,150,569,150,Wed,228,395,17,75,,
2026-04-04,131621693,2026-04-04,2026-04-04T03:00:00.0,2026-04-05T03:00:00.0,2026-04-04T00:00:00.0,2026-04-05T00:00:00.0,269,150,569,150,Wed,395,569,78,48,,
2026-04-05,131621693,2026-04-05,2026-04-05T03:00:00.0,2026-04-06T03:00:00.0,2026-04-05T00:00:00.0,2026-04-06T00:00:00.0,269,150,569,150,Wed,569,569,0,0,,
2026-04-06,131621693,2026-04-06,2026-04-06T03:00:00.0,2026-04-07T03:00:00.0,2026-04-06T00:00:00.0,2026-04-07T00:00:00.0,321,223,767,150,Wed,0,74,24,25,,
2026-04-07,131621693,2026-04-07,2026-04-07T03:00:00.0,2026-04-08T03:00:00.0,2026-04-07T00:00:00.0,2026-04-08T00:00:00.0,321,223,767,150,Wed,74,144,16,27,,
2026-04-08,131621693,2026-04-08,2026-04-08T03:00:00.0,2026-04-09T03:00:00.0,2026-04-08T00:00:00.0,2026-04-09T00:00:00.0,321,223,767,150,Wed,144,247,91,6,,
2026-04-09,131621693,2026-04-09,2026-04-09T03:00:00.0,2026-04-10T03:00:00.0,2026-04-09T00:00:00.0,2026-04-10T00:00:00.0,321,223,767,150,Wed,247,368,9,56,,
2026-04-10,131621693,2026-04-10,2026-04-10T03:00:00.0,2026-04-11T03:00:00.0,2026-04-10T00:00:00.0,2026-04-11T00:00:00.0,321,223,767,150,Wed,368,413,43,1,,
2026-04-11,131621693,2026-04-11,2026-04-11T03:00:00.0,2026-04-12T03:00:00.0,2026-04-11T00:00:00.0,2026-04-12T00:00:00.0,321,223,767,150,Wed,413,603,128,31,,
2026-04-12,131621693,2026-04-12,2026-04-12T03:00:00.0,2026-04-13T03:00:00.0,2026-04-12T00:00:00.0,2026-04-13T00:00:00.0,321,223,767,150,Wed,603,767,10,77,,
2026-04-13,131621693,2026-04-13,2026-04-13T03:00:00.0,2026-04-14T03:00:00.0,2026-04-13T00:00:00.0,2026-04-14T00:00:00.0,254,263,780,150,Wed,0,17,15,1,,
2026-04-14,131621693,2026-04-14,2026-04-14T03:00:00.0,2026-04-15T03:00:00.0,2026-04-14T00:00:00.0,2026-04-15T00:00:00.0,254,263,780,150,Wed,17,89,16,28,,
2026-04-15,131621693,2026-04-15,2026-04-15T03:00:00.0,2026-04-16T03:00:00.0,2026-04-15T00:00:00.0,2026-04-16T00:00:00.0,254,263,780,150,Wed,89,234,77,34,,
2026-04-16,131621693,2026-04-16,2026-04-16T03:00:00.0,2026-04-17T03:00:00.0,2026-04-16T00:00:00.0,2026-04-17T00:00:00.0,254,263,780,150,Wed,234,326,4,44,,
2026-04-17,131621693,2026-04-17,2026-04-17T03:00:00.0,2026-04-18T03:00:00.0,2026-04-17T00:00:00.0,2026-04-18T00:00:00.0,254,263,780,150,Wed,326,380,30,12,,
2026-04-18,131621693,2026-04-18,2026-04-18T03:00:00.0,2026-04-19T03:00:00.0,2026-04-18T00:00:00.0,2026-04-19T00:00:00.0,254,263,780,150,Wed,380,580,100,50,,
2026-04-19,131621693,2026-04-19,2026-04-19T03:00:00.0,2026-04-20T03:00:00.0,2026-04-19T00:00:00.0,2026-04-20T00:00:00.0,254,263,780,150,Wed,580,780,12,94,,
2026-04-20,131621693,2026-04-20,2026-04-20T03:00:00.0,2026-04-21T03:00:00.0,2026-04-20T00:00:00.0,2026-04-21T00:00:00.0,324,200,724,150,Wed,0,59,43,8,,
2026-04-21,131621693,2026-04-21,2026-04-21T03:00:00.0,2026-04-22T03:00:00.0,2026-04-21T00:00:00.0,2026-04-22T00:00:00.0,324,200,724,150,Wed,59,131,16,28,,
2026-04-22,131621693,2026-04-22,2026-04-22T03:00:00.0,2026-04-23T03:00:00.0,2026-04-22T00:00:00.0,2026-04-23T00:00:00.0,324,200,724,150,Wed,131,224,75,9,,
2026-04-23,131621693,2026-04-23,2026-04-23T03:00:00.0,2026-04-24T03:00:00.0,2026-04-23T00:00:00.0,2026-04-24T00:00:00.0,324,200,724,150,Wed,224,328,2,51,,
2026-04-24,131621693,2026-04-24,2026-04-24T03:00:00.0,2026-04-25T03:00:00.0,2026-04-24T00:00:00.0,2026-04-25T00:00:00.0,324,200,724,150,Wed,328,390,30,16,,
2026-04-25,131621693,2026-04-25,2026-04-25T03:00:00.0,2026-04-26T03:00:00.0,2026-04-25T00:00:00.0,2026-04-26T00:00:00.0,324,200,724,150,Wed,390,570,154,13,,
2026-04-26,131621693,2026-04-26,2026-04-26T03:00:00.0,2026-04-27T03:00:00.0,2026-04-26T00:00:00.0,2026-04-27T00:00:00.0,324,200,724,150,Wed,570,724,4,75,,
2026-04-27,131621693,2026-04-27,2026-04-27T03:00:00.0,2026-04-28T03:00:00.0,2026-04-27T00:00:00.0,2026-04-28T00:00:00.0,192,125,442,150,Wed,0,12,12,0,,
2026-04-28,131621693,2026-04-28,2026-04-28T03:00:00.0,2026-04-29T03:00:00.0,2026-04-28T00:00:00.0,2026-04-29T00:00:00.0,192,125,442,150,Wed,12,83,15,28,,
2026-04-29,131621693,2026-04-29,2026-04-29T03:00:00.0,2026-04-30T03:00:00.0,2026-04-29T00:00:00.0,2026-04-30T00:00:00.0,192,125,442,150,Wed,83,163,54,13,,
2026-04-30,131621693,2026-04-30,2026-04-30T03:00:00.0,2026-05-01T03:00:00.0,2026-04-30T00:00:00.0,2026-05-01T00:00:00.0,192,125,442,150,Wed,163,256,77,8,,
2026-05-01,131621693,2026-05-01,2026-05-01T03:00:00.0,2026-05-02T03:00:00.0,2026-05-01T00:00:00.0,2026-05-02T00:00:00.0,192,125,442,150,Wed,256,288,26,3,,
2026-05-02,131621693,2026-05-02,2026-05-02T03:00:00.0,2026-05-03T03:00:00.0,2026-05-02T00:00:00.0,2026-05-03T00:00:00.0,192,125,442,150,Wed,288,442,8,73,,
2026-05-03,131621693,2026-05-03,2026-05-03T03:00:00.0,2026-05-04T03:00:00.0,2026-05-03T00:00:00.0,2026-05-04T00:00:00.0,192,125,442,150,Wed,442,442,0,0,,
2026-05-04,131621693,2026-05-04,2026-05-04T03:00:00.0,2026-05-05T03:00:00.0,2026-05-04T00:00:00.0,2026-05-05T00:00:00.0,301,171,643,150,Wed,0,65,25,20,,
2026-05-05,131621693,2026-05-05,2026-05-05T03:00:00.0,2026-05-06T03:00:00.0,2026-05-05T00:00:00.0,2026-05-06T00:00:00.0,301,171,643,150,Wed,65,144,13,33,,
2026-05-06,131621693,2026-05-06,2026-05-06T03:00:00.0,2026-05-07T03:00:00.0,2026-05-06T00:00:00.0,2026-05-07T00:00:00.0,301,171,643,150,Wed,144,242,82,8,,
2026-05-07,131621693,2026-05-07,2026-05-07T03:00:00.0,2026-05-08T03:00:00.0,2026-05-07T00:00:00.0,2026-05-08T00:00:00.0,301,171,643,150,Wed,242,334,2,45,,
2026-05-08,131621693,2026-05-08,2026-05-08T03:00:00.0,2026-05-09T03:00:00.0,2026-05-08T00:00:00.0,2026-05-09T00:00:00.0,301,171,643,150,Wed,334,396,42,10,,
2026-05-09,131621693,2026-05-09,2026-05-09T03:00:00.0,2026-05-10T03:00:00.0,2026-05-09T00:00:00.0,2026-05-10T00:00:00.0,301,171,643,150,Wed,396,643,137,55,,
2026-05-10,131621693,2026-05-10,2026-05-10T03:00:00.0,2026-05-11T03:00:00.0,2026-05-10T00:00:00.0,2026-05-11T00:00:00.0,301,171,643,150,Wed,643,643,0,0,,
2026-05-11,131621693,2026-05-11,2026-05-11T03:00:00.0,2026-05-12T03:00:00.0,2026-05-11T00:00:00.0,2026-05-12T00:00:00.0,113,214,541,150,Wed,0,2,2,0,,
2026-05-12,131621693,2026-05-12,2026-05-12T03:00:00.0,2026-05-13T03:00:00.0,2026-05-12T00:00:00.0,2026-05-13T00:00:00.0,113,214,541,150,Wed,2,133,31,50,,
2026-05-13,131621693,2026-05-13,2026-05-13T03:00:00.0,2026-05-14T03:00:00.0,2026-05-13T00:00:00.0,2026-05-14T00:00:00.0,113,214,541,150,Wed,133,193,56,2,,
2026-05-14,131621693,2026-05-14,2026-05-14T03:00:00.0,2026-05-15T03:00:00.0,2026-05-14T00:00:00.0,2026-05-15T00:00:00.0,113,214,541,150,Wed,193,274,1,40,,
2026-05-15,131621693,2026-05-15,2026-05-15T03:00:00.0,2026-05-16T03:00:00.0,2026-05-15T00:00:00.0,2026-05-16T00:00:00.0,113,214,541,150,Wed,274,277,1,1,,
2026-05-16,131621693,2026-05-16,2026-05-16T03:00:00.0,2026-05-17T03:00:00.0,2026-05-16T00:00:00.0,2026-05-17T00:00:00.0,113,214,541,150,Wed,277,322,13,16,,
2026-05-17,131621693,2026-05-17,2026-05-17T03:00:00.0,2026-05-18T03:00:00.0,2026-05-17T00:00:00.0,2026-05-18T00:00:00.0,113,214,541,150,Wed,322,541,9,105,,
2026-05-18,131621693,2026-05-18,2026-05-18T03:00:00.0,2026-05-19T03:00:00.0,2026-05-18T00:00:00.0,2026-05-19T00:00:00.0,314,105,524,150,Wed,0,47,41,3,,
2026-05-19,131621693,2026-05-19,2026-05-19T03:00:00.0,2026-05-20T03:00:00.0,2026-05-19T00:00:00.0,2026-05-20T00:00:00.0,314,105,524,150,Wed,47,97,46,2,,
2026-05-20,131621693,2026-05-20,2026-05-20T03:00:00.0,2026-05-21T03:00:00.0,2026-05-20T00:00:00.0,2026-05-21T00:00:00.0,314,105,524,150,Wed,97,197,68,16,,
2026-05-21,131621693,2026-05-21,2026-05-21T03:00:00.0,2026-05-22T03:00:00.0,2026-05-21T00:00:00.0,2026-05-22T00:00:00.0,314,105,524,150,Wed,197,197,0,0,,
2026-05-22,131621693,2026-05-22,2026-05-22T03:00:00.0,2026-05-23T03:00:00.0,2026-05-22T00:00:00.0,2026-05-23T00:00:00.0,314,105,524,150,Wed,197,238,21,10,,
2026-05-23,131621693,2026-05-23,2026-05-23T03:00:00.0,2026-05-24T03:00:00.0,2026-05-23T00:00:00.0,2026-05-24T00:00:00.0,314,105,524,150,Wed,238,415,135,21,,
2026-05-24,131621693,2026-05-24,2026-05-24T03:00:00.0,2026-05-25T03:00:00.0,2026-05-24T00:00:00.0,2026-05-25T00:00:00.0,314,105,524,150,Wed,415,524,3,53,,
2026-05-25,131621693,2026-05-25,2026-05-25T03:00:00.0,2026-05-26T03:00:00.0,2026-05-25T00:00:00.0,2026-05-26T00:00:00.0,132,109,350,150,Wed,0,7,7,0,,
2026-05-26,131621693,2026-05-26,2026-05-26T03:00:00.0,2026-05-27T03:00:00.0,2026-05-26T00:00:00.0,2026-05-27T00:00:00.0,132,109,350,150,Wed,7,88,13,34,,
2026-05-27,131621693,2026-05-27,2026-05-27T03:00:00.0,2026-05-28T03:00:00.0,2026-05-27T00:00:00.0,2026-05-28T00:00:00.0,132,109,350,150,Wed,88,200,78,17,,
2026-05-28,131621693,2026-05-28,2026-05-28T03:00:00.0,2026-05-29T03:00:00.0,2026-05-28T00:00:00.0,2026-05-29T00:00:00.0,132,109,350,150,Wed,200,287,7,40,,
2026-05-29,131621693,2026-05-29,2026-05-29T03:00:00.0,2026-05-30T03:00:00.0,2026-05-29T00:00:00.0,2026-05-30T00:00:00.0,132,109,350,150,Wed,287,338,15,18,,
2026-05-30,131621693,2026-05-30,2026-05-30T03:00:00.0,2026-05-31T03:00:00.0,2026-05-30T00:00:00.0,2026-05-31T00:00:00.0,132,109,350,150,Wed,338,338,0,0,,
2026-05-31,131621693,2026-05-31,2026-05-31T03:00:00.0,2026-06-01T03:00:00.0,2026-05-31T00:00:00.0,2026-06-01T00:00:00.0,132,109,350,150,Wed,338,350,12,0,,
2026-06-01,131621693,2026-06-01,2026-06-01T03:00:00.0,2026-06-02T03:00:00.0,2026-06-01T00:00:00.0,2026-06-02T00:00:00.0,236,295,826,150,Wed,0,55,21,17,,
2026-06-02,131621693,2026-06-02,2026-06-02T03:00:00.0,2026-06-03T03:00:00.0,2026-06-02T00:00:00.0,2026-06-03T00:00:00.0,236,295,826,150,Wed,55,137,10,36,,
2026-06-03,131621693,2026-06-03,2026-06-03T03:00:00.0,2026-06-04T03:00:00.0,2026-06-03T00:00:00.0,2026-06-04T00:00:00.0,236,295,826,150,Wed,137,306,23,73,,
2026-06-04,131621693,2026-06-04,2026-06-04T03:00:00.0,2026-06-05T03:00:00.0,2026-06-04T00:00:00.0,2026-06-05T00:00:00.0,236,295,826,150,Wed,306,373,51,8,,
2026-06-05,131621693,2026-06-05,2026-06-05T03:00:00.0,2026-06-06T03:00:00.0,2026-06-05T00:00:00.0,2026-06-06T00:00:00.0,236,295,826,150,Wed,373,435,40,11,,
2026-06-06,131621693,2026-06-06,2026-06-06T03:00:00.0,2026-06-07T03:00:00.0,2026-06-06T00:00:00.0,2026-06-07T00:00:00.0,236,295,826,150,Wed,435,665,80,75,,
2026-06-07,131621693,2026-06-07,2026-06-07T03:00:00.0,2026-06-08T03:00:00.0,2026-06-07T00:00:00.0,2026-06-08T00:00:00.0,236,295,826,150,Wed,665,826,11,75,,
2026-06-08,131621693,2026-06-08,2026-06-08T03:00:00.0,2026-06-09T03:00:00.0,2026-06-08T00:00:00.0,2026-06-09T00:00:00.0,283,245,773,150,Tue,0,10,10,0,,
2026-06-09,131621693,2026-06-09,2026-06-09T03:00:00.0,2026-06-10T03:00:00.0,2026-06-09T00:00:00.0,2026-06-10T00:00:00.0,283,245,773,150,Tue,10,156,30,58,,
2026-06-10,131621693,2026-06-10,2026-06-10T03:00:00.0,2026-06-11T03:00:00.0,2026-06-10T00:00:00.0,2026-06-11T00:00:00.0,283,245,773,150,Tue,156,254,68,15,,
2026-06-11,131621693,2026-06-11,2026-06-11T03:00:00.0,2026-06-12T03:00:00.0,2026-06-11T00:00:00.0,2026-06-12T00:00:00.0,283,245,773,150,Tue,254,336,2,40,,
2026-06-12,131621693,2026-06-12,2026-06-12T03:00:00.0,2026-06-13T03:00:00.0,2026-06-12T00:00:00.0,2026-06-13T00:00:00.0,283,245,773,150,Tue,336,404,34,17,,
2026-06-13,131621693,2026-06-13,2026-06-13T03:00:00.0,2026-06-14T03:00:00.0,2026-06-13T00:00:00.0,2026-06-14T00:00:00.0,283,245,773,150,Tue,404,609,135,35,,
2026-06-14,131621693,2026-06-14,2026-06-14T03:00:00.0,2026-06-15T03:00:00.0,2026-06-14T00:00:00.0,2026-06-15T00:00:00.0,283,245,773,150,Tue,609,773,4,80,,
2026-06-15,131621693,2026-06-15,2026-06-15T03:00:00.0,2026-06-16T03:00:00.0,2026-06-15T00:00:00.0,2026-06-16T00:00:00.0,276,217,710,150,Wed,0,13,13,0,,
2026-06-16,131621693,2026-06-16,2026-06-16T03:00:00.0,2026-06-17T03:00:00.0,2026-06-16T00:00:00.0,2026-06-17T00:00:00.0,276,217,710,150,Wed,13,98,7,39,,
2026-06-17,131621693,2026-06-17,2026-06-17T03:00:00.0,2026-06-18T03:00:00.0,2026-06-17T00:00:00.0,2026-06-18T00:00:00.0,276,217,710,150,Wed,98,211,75,19,,
2026-06-18,131621693,2026-06-18,2026-06-18T03:00:00.0,2026-06-19T03:00:00.0,2026-06-18T00:00:00.0,2026-06-19T00:00:00.0,276,217,710,150,Wed,211,330,5,57,,
2026-06-19,131621693,2026-06-19,2026-06-19T03:00:00.0,2026-06-20T03:00:00.0,2026-06-19T00:00:00.0,2026-06-20T00:00:00.0,276,217,710,150,Wed,330,378,28,10,,
2026-06-20,131621693,2026-06-20,2026-06-20T03:00:00.0,2026-06-21T03:00:00.0,2026-06-20T00:00:00.0,2026-06-21T00:00:00.0,276,217,710,150,Wed,378,599,141,40,,
2026-06-21,131621693,2026-06-21,2026-06-21T03:00:00.0,2026-06-22T03:00:00.0,2026-06-21T00:00:00.0,2026-06-22T00:00:00.0,276,217,710,150,Wed,599,710,7,52,,
2026-06-22,131621693,2026-06-22,2026-06-22T03:00:00.0,2026-06-22T23:08:00.0,2026-06-22T00:00:00.0,2026-06-22T20:08:00.0,81,14,109,150,,0,109,81,14,,
